,Administrative,Administrative_Duration,Informational,Informational_Duration,ProductRelated,ProductRelated_Duration,BounceRates,ExitRates,PageValues,SpecialDay,Month,OperatingSystems,Browser,Region,TrafficType,VisitorType,Weekend,Revenue
1736,0,0.0,0,0.0,37,1118.647186,0.0,0.008148148,0.0,0.0,Mar,1,1,1,2,Returning_Visitor,True,False
4359,7,157.5,1,23.0,42,3503.025,0.005142857,0.018193939,21.76475048,0.0,May,2,2,1,2,Returning_Visitor,False,False
4437,3,80.0,1,21.0,41,1193.333333,0.00097561,0.01804878,6.53004878,0.0,May,2,2,1,4,Returning_Visitor,False,False
2328,3,231.0,0,0.0,16,386.4444444,0.0,0.02745098,0.0,0.2,May,1,1,1,3,Returning_Visitor,False,False
3807,5,73.5,1,0.0,79,5664.146032,0.045356473,0.05909564,2.39491796,0.0,May,2,2,6,1,Returning_Visitor,False,False
3234,2,93.0,3,808.5,33,1310.472222,0.018518519,0.044312169,0.0,0.4,May,2,2,6,4,Returning_Visitor,False,False
61,0,0.0,0,0.0,8,400.8,0.05,0.120833333,0.0,0.0,Feb,1,1,1,3,Returning_Visitor,False,False
8806,0,0.0,0,0.0,31,1625.583333,0.0,0.009677419,0.0,0.0,Dec,4,2,1,8,New_Visitor,False,False
10686,3,37.25,0,0.0,19,656.25,0.0,0.023529412,0.0,0.0,Dec,2,5,3,6,Returning_Visitor,False,False
5248,2,44.0,0,0.0,44,724.3166667,0.0,0.011363636,19.21218939,0.0,May,2,2,3,2,Returning_Visitor,False,True
6142,0,0.0,0,0.0,4,39.95,0.0,0.05,0.0,0.0,Jul,3,2,1,4,Returning_Visitor,True,False
12250,1,41.125,0,0.0,126,4310.004668,0.000687831,0.012822843,3.451072113,0.0,Nov,2,2,2,2,Returning_Visitor,False,False
9600,0,0.0,0,0.0,1,0.0,0.2,0.2,0.0,0.0,Dec,1,2,3,1,Returning_Visitor,False,False
11080,0,0.0,0,0.0,1,0.0,0.2,0.2,0.0,0.0,Nov,1,1,5,3,Returning_Visitor,False,False
6370,1,249.8,2,722.9,8,2219.583333,0.0,0.0,0.0,0.0,Nov,2,4,4,2,New_Visitor,False,False
2596,0,0.0,0,0.0,3,65.0,0.1,0.111111111,0.0,0.0,May,3,2,1,3,Returning_Visitor,False,False
9789,1,7.5,0,0.0,63,3060.055556,0.024623656,0.03604734,0.0,0.0,Nov,3,2,1,3,Returning_Visitor,False,False
7016,0,0.0,0,0.0,1,19.2,0.0,0.1,0.0,0.0,Aug,1,1,1,1,Returning_Visitor,True,False
9731,10,1455.35,0,0.0,66,1646.612195,0.007142857,0.029065112,0.0,0.0,Nov,2,2,1,2,Returning_Visitor,True,False
6386,3,32.0,0,0.0,15,276.3666667,0.0,0.0,55.82099528,0.0,Sep,2,4,1,2,New_Visitor,False,False
1269,0,0.0,0,0.0,5,136.6666667,0.02,0.12,0.0,0.0,Mar,3,2,1,10,Returning_Visitor,True,False
8803,8,487.0,0,0.0,28,839.5178571,0.0,0.003125,0.0,0.0,Dec,1,1,3,2,Returning_Visitor,True,False
6326,6,71.5,0,0.0,79,1854.26,0.039,0.06880303,2.852036737,0.0,Jul,2,2,9,1,Returning_Visitor,False,False
2925,3,55.0,0,0.0,19,436.0,0.0,0.013636364,49.54827273,0.0,May,2,2,4,2,Returning_Visitor,True,True
8114,0,0.0,0,0.0,23,1375.916667,0.039130435,0.093478261,0.0,0.0,Nov,3,2,8,13,Returning_Visitor,False,False
6697,0,0.0,1,13.1,62,1918.966667,0.01031746,0.022246642,0.0,0.0,Aug,2,4,1,4,Returning_Visitor,False,False
10592,3,65.5,3,60.0,30,1383.375,0.014141414,0.039393939,43.20756866,0.0,Nov,2,2,1,1,Returning_Visitor,False,False
3540,2,18.0,0,0.0,32,871.8333333,0.009375,0.020833333,31.903875,0.6,May,4,1,1,3,Returning_Visitor,False,False
10249,0,0.0,0,0.0,3,34.0,0.0,0.066666667,0.0,0.0,Dec,2,2,1,2,Returning_Visitor,True,False
10783,0,0.0,0,0.0,1,0.0,0.2,0.2,0.0,0.0,Dec,3,2,7,3,Returning_Visitor,False,False
1413,2,33.0,0,0.0,25,1720.0,0.0,0.007692308,60.29018448,0.0,Mar,2,5,3,1,Returning_Visitor,False,True
11732,0,0.0,0,0.0,6,12.0,0.033333333,0.133333333,0.0,0.0,Dec,2,2,1,3,Returning_Visitor,False,False
11552,0,0.0,0,0.0,22,493.0,0.0,0.00952381,55.5696756,0.0,Nov,4,1,9,8,Returning_Visitor,True,True
5591,0,0.0,0,0.0,9,152.6,0.044444444,0.096296296,0.0,0.0,June,2,2,1,3,Returning_Visitor,False,False
11795,6,453.6,2,12.0,73,1889.833333,0.01025641,0.018883894,0.0,0.0,Dec,3,2,4,13,Returning_Visitor,False,False
2914,0,0.0,0,0.0,7,87.5,0.028571429,0.085714286,0.0,0.6,May,2,2,4,2,Returning_Visitor,False,False
12225,0,0.0,0,0.0,3,52.5,0.066666667,0.1,0.0,0.0,Dec,3,2,3,3,Returning_Visitor,False,False
7446,2,124.0,0,0.0,2,112.8,0.0,0.025,0.0,0.0,Aug,2,2,1,1,New_Visitor,False,False
9978,6,166.375,1,0.0,39,1858.833333,0.001515152,0.011818182,50.17693633,0.0,Dec,1,1,1,2,Returning_Visitor,False,False
9949,0,0.0,0,0.0,1,0.0,0.2,0.2,0.0,0.0,Nov,2,6,1,1,Returning_Visitor,False,False
3455,0,0.0,0,0.0,91,2058.534091,0.021348315,0.038816034,0.0,1.0,May,2,2,3,13,Returning_Visitor,True,False
3173,0,0.0,0,0.0,1,0.0,0.2,0.2,0.0,0.0,May,1,1,2,2,Returning_Visitor,False,False
11054,0,0.0,0,0.0,46,2158.5,0.019565217,0.032246377,0.0,0.0,Nov,1,2,7,2,Returning_Visitor,False,False
9887,7,237.5,1,0.0,37,1302.518056,0.005952381,0.023185941,0.0,0.0,Dec,3,2,2,2,Returning_Visitor,False,True
2347,4,59.0,0,0.0,8,517.5,0.0,0.008333333,0.0,0.0,May,4,2,1,6,Returning_Visitor,False,False
5786,0,0.0,0,0.0,21,1280.02,0.0,0.019047619,7.232201859,0.0,Nov,2,2,1,20,Returning_Visitor,False,True
102,0,0.0,0,0.0,6,415.0,0.0,0.033333333,0.0,0.4,Feb,1,1,3,2,Returning_Visitor,False,False
6372,1,0.0,2,6.0,9,195.1666667,0.0,0.066666667,0.0,0.0,June,4,2,3,4,Returning_Visitor,False,False
12098,4,495.1666667,0,0.0,29,988.2595238,0.006451613,0.009677419,0.0,0.0,Dec,1,1,1,2,New_Visitor,False,False
2068,0,0.0,0,0.0,5,36.0,0.15,0.1625,0.0,0.0,Mar,3,2,3,1,Returning_Visitor,False,False
7191,0,0.0,0,0.0,6,67.0,0.016666667,0.05,0.0,0.0,Jul,2,4,1,1,Returning_Visitor,False,False
5667,5,35.7,5,95.65,95,2383.139223,0.019666667,0.036723457,0.0,0.0,Aug,3,2,1,3,Returning_Visitor,False,False
10477,0,0.0,0,0.0,69,3621.066667,0.001492537,0.02032147,0.0,0.0,Nov,2,1,1,2,Returning_Visitor,False,True
10596,0,0.0,0,0.0,26,2553.625,0.015384615,0.029487179,0.0,0.0,Nov,2,2,3,8,Returning_Visitor,False,False
389,0,0.0,0,0.0,8,551.1666667,0.025,0.035,0.0,0.0,Mar,3,2,2,3,Returning_Visitor,False,False
703,0,0.0,0,0.0,6,551.0,0.033333333,0.05,0.0,0.0,Mar,1,1,3,1,Returning_Visitor,False,False
8248,12,159.8958333,0,0.0,121,3648.5625,0.001927438,0.009409219,3.322866215,0.0,Nov,2,2,5,7,Returning_Visitor,False,False
5899,3,107.8,0,0.0,11,362.6,0.0,0.004761905,0.0,0.0,Sep,2,2,2,4,Returning_Visitor,False,False
1207,5,710.3333333,0,0.0,23,7533.272727,0.0,0.007407407,0.0,0.0,Mar,2,2,1,2,Returning_Visitor,False,False
11541,8,279.25,2,1652.0,43,1717.740476,0.0,0.018472224,18.07802206,0.0,Dec,3,2,5,2,Returning_Visitor,False,True
11544,0,0.0,0,0.0,13,342.9202381,0.0,0.011794872,0.0,0.0,Nov,3,2,3,2,New_Visitor,True,False
424,4,74.0,2,629.0,149,5042.458059,0.003870968,0.007285123,18.36804916,0.0,Mar,2,2,1,2,Returning_Visitor,False,True
7425,4,83.6,0,0.0,42,3333.076068,0.011627907,0.027506986,0.0,0.0,Aug,1,2,1,2,Returning_Visitor,False,False
10846,0,0.0,0,0.0,14,549.95,0.014285714,0.028571429,0.0,0.0,Dec,3,2,3,2,Returning_Visitor,True,False
7918,2,83.6,0,0.0,43,1582.7,0.004545455,0.014393939,0.0,0.0,Nov,3,2,3,1,Returning_Visitor,False,False
4536,3,118.0,0,0.0,16,859.1666667,0.0,0.014814815,9.991666667,0.0,May,3,2,2,2,Returning_Visitor,False,False
1215,0,0.0,0,0.0,14,363.3181818,0.014285714,0.023809524,0.0,0.0,Mar,1,1,1,3,Returning_Visitor,False,False
10015,0,0.0,0,0.0,6,1038.0,0.033333333,0.066666667,0.0,0.0,Dec,2,4,1,2,Returning_Visitor,False,False
6797,4,53.4,2,113.8,256,13453.25103,0.0,0.003240964,0.0,0.0,Nov,2,2,1,2,Returning_Visitor,False,False
7354,1,19.2,0,0.0,22,443.8333333,0.0,0.002380952,0.0,0.0,Nov,1,1,2,3,Returning_Visitor,False,False
11337,0,0.0,0,0.0,11,572.0,0.036363636,0.072727273,0.0,0.0,Nov,1,1,4,3,Returning_Visitor,False,False
931,4,1521.0,2,64.0,30,2284.687302,0.019354839,0.042741935,2.304322581,0.0,Mar,2,2,1,1,Returning_Visitor,False,False
667,2,64.0,0,0.0,19,371.2272727,0.001666667,0.029166667,0.0,0.0,Mar,2,4,9,10,Returning_Visitor,False,False
6706,6,141.0,0,0.0,47,830.3411669,0.004421769,0.028456454,0.0,0.0,Aug,1,1,4,2,Returning_Visitor,False,False
10440,9,198.4333333,7,636.75,113,3312.879422,0.004032258,0.016482015,0.0,0.0,Nov,2,2,2,2,Returning_Visitor,False,True
2439,0,0.0,0,0.0,27,1547.5,0.0,0.007407407,0.0,0.0,May,4,2,2,2,Returning_Visitor,False,False
3921,0,0.0,0,0.0,15,528.0,0.026666667,0.055555556,0.0,0.0,May,2,2,4,3,Returning_Visitor,False,False
1778,0,0.0,0,0.0,8,758.1666667,0.025,0.05,0.0,0.0,Mar,1,1,1,1,Returning_Visitor,False,False
11623,1,0.0,0,0.0,50,1009.430952,0.006,0.017238095,4.803305732,0.0,Nov,1,1,1,10,Returning_Visitor,True,True
565,1,19.0,0,0.0,40,1361.166667,0.005,0.0225,0.0,0.0,Mar,4,1,2,3,Returning_Visitor,True,False
2622,0,0.0,0,0.0,43,813.8,0.023255814,0.03255814,0.0,0.6,May,2,5,1,2,Returning_Visitor,False,False
1324,2,211.0,1,58.0,71,3424.583333,0.001315789,0.015,0.0,0.0,Mar,2,2,5,3,Returning_Visitor,True,False
10704,0,0.0,0,0.0,6,1098.5,0.066666667,0.1,0.0,0.0,Dec,2,2,7,1,Returning_Visitor,False,False
7271,0,0.0,0,0.0,16,318.0666667,0.025,0.033333333,0.0,0.0,Jul,3,2,3,1,Returning_Visitor,False,False
11432,4,32.75,0,0.0,13,704.0,0.0,0.024285714,76.79037287,0.0,Dec,2,2,1,2,Returning_Visitor,False,True
11308,6,723.5,2,410.5,5,109.0,0.0,0.015384615,0.0,0.0,Nov,2,5,2,2,Other,False,True
2790,2,35.0,0,0.0,44,2479.0,0.022727273,0.043560606,0.0,0.0,May,2,2,1,6,Returning_Visitor,False,False
5155,0,0.0,0,0.0,2,0.0,0.2,0.2,0.0,0.0,May,3,2,3,4,Returning_Visitor,True,False
4990,5,73.5,1,55.0,41,1705.041667,0.004545455,0.023982684,7.25975,0.0,May,2,4,2,2,Returning_Visitor,False,False
3928,0,0.0,0,0.0,6,114.0,0.0,0.033333333,0.0,0.0,May,2,2,3,1,Returning_Visitor,True,False
4217,0,0.0,0,0.0,22,401.1666667,0.0,0.013636364,0.0,0.0,May,2,2,1,3,Returning_Visitor,False,False
8093,8,825.0,1,55.5,148,8629.783691,0.0095,0.019155126,1.60801626,0.0,Nov,1,1,2,2,Returning_Visitor,False,False
10390,3,118.0,0,0.0,2,96.25,0.0,0.025,0.0,0.0,Dec,8,13,9,20,Other,False,False
5716,8,166.7,0,0.0,9,171.7,0.016666667,0.05,0.0,0.0,Nov,2,2,1,3,Returning_Visitor,False,False
3877,0,0.0,0,0.0,12,590.8333333,0.01,0.03,0.0,0.0,May,1,1,6,4,Returning_Visitor,False,False
1504,1,5.0,0,0.0,12,306.0,0.0,0.02,0.0,0.0,Mar,2,2,6,8,Returning_Visitor,False,False
8793,0,0.0,0,0.0,15,147.5833333,0.014285714,0.028571429,0.0,0.0,Nov,3,2,7,3,Returning_Visitor,False,False
4156,0,0.0,0,0.0,9,177.3333333,0.066666667,0.088888889,0.0,1.0,May,3,2,4,1,Returning_Visitor,True,False
8957,9,739.125,0,0.0,19,1655.190476,0.0,0.022666667,27.97007005,0.0,Dec,1,1,7,2,New_Visitor,False,False
5641,0,0.0,0,0.0,57,820.3636364,0.035087719,0.061650605,0.0,0.0,June,3,2,3,13,Returning_Visitor,False,False
3431,0,0.0,0,0.0,3,0.0,0.166666667,0.177777778,0.0,0.0,May,3,2,3,13,Returning_Visitor,False,False
6820,13,255.9159289,0,0.0,255,8467.584379,0.017351104,0.025016422,0.685335799,0.0,June,3,2,1,3,Returning_Visitor,False,False
196,2,56.0,1,144.0,67,2563.783333,0.0,0.005797101,19.34265017,0.0,Mar,2,2,4,2,New_Visitor,False,True
9652,5,97.0,0,0.0,53,3372.748214,0.003773585,0.002515723,0.0,0.0,Dec,2,2,7,2,Returning_Visitor,False,False
10807,9,274.6666667,0,0.0,40,720.4257937,0.0,0.015259259,0.0,0.0,Dec,2,2,2,1,Returning_Visitor,False,False
11783,5,76.0,0,0.0,20,535.25,0.0,0.015789474,0.0,0.0,Dec,1,1,1,3,Returning_Visitor,True,False
6251,2,46.4,0,0.0,30,2559.433333,0.027586207,0.064367816,0.0,0.0,Sep,3,2,6,1,Returning_Visitor,True,False
10451,7,86.75,1,0.0,101,3094.366667,0.000269542,0.014951401,56.72227169,0.0,Nov,2,2,1,2,Returning_Visitor,False,True
736,0,0.0,0,0.0,3,14.0,0.0,0.066666667,0.0,0.0,Mar,4,1,3,3,Returning_Visitor,False,False
1737,0,0.0,0,0.0,2,86.0,0.0,0.05,0.0,0.0,Mar,1,1,1,9,Returning_Visitor,True,False
5631,4,60.4,0,0.0,11,572.6,0.0,0.013333333,0.0,0.0,Oct,2,2,7,4,Returning_Visitor,True,False
10428,0,0.0,0,0.0,15,612.0,0.0,0.013333333,0.0,0.0,Nov,1,2,8,2,Returning_Visitor,True,False
3222,1,46.0,0,0.0,17,931.0,0.027777778,0.062962963,0.0,0.0,May,3,2,1,13,Returning_Visitor,False,False
7616,3,133.4666667,2,199.4,150,4935.536124,0.005664488,0.016427015,0.0,0.0,Oct,2,2,3,13,Returning_Visitor,True,False
2029,0,0.0,0,0.0,2,0.0,0.2,0.2,0.0,0.0,Mar,2,4,1,1,Returning_Visitor,False,False
8764,1,18.0,1,6.0,122,7141.214642,0.012926829,0.01962467,0.0,0.0,Nov,3,2,1,2,Returning_Visitor,True,False
4338,0,0.0,0,0.0,10,108.0,0.04,0.074,0.0,0.2,May,1,8,1,19,Returning_Visitor,False,False
10585,0,0.0,0,0.0,4,58.5,0.0,0.05,0.0,0.0,Nov,2,2,7,1,Returning_Visitor,False,False
1633,0,0.0,0,0.0,10,1010.0,0.022222222,0.044444444,0.0,0.0,Mar,2,2,1,1,Returning_Visitor,False,False
10979,0,0.0,6,129.125,47,1117.642857,0.00754717,0.019339623,0.0,0.0,Dec,1,1,1,2,Returning_Visitor,False,False
8497,12,337.5416667,2,23.0,32,1249.866144,0.0055,0.02577466,0.0,0.0,Dec,2,2,1,2,Returning_Visitor,False,False
3396,1,29.0,0,0.0,25,381.3571429,0.0,0.004166667,0.0,0.8,May,2,2,1,2,New_Visitor,False,False
1085,0,0.0,0,0.0,10,270.0,0.0,0.004,0.0,0.0,Mar,2,2,1,2,Returning_Visitor,False,False
3366,0,0.0,0,0.0,12,272.6666667,0.0,0.009090909,0.0,0.0,May,3,2,1,4,New_Visitor,False,False
4587,3,75.0,0,0.0,3,74.0,0.0,0.02,0.0,0.0,May,3,2,1,2,Returning_Visitor,False,False
10337,0,0.0,0,0.0,4,0.0,0.2,0.2,0.0,0.0,Nov,3,2,1,3,Returning_Visitor,False,False
8330,8,121.75,0,0.0,154,5253.069444,0.001273885,0.008832272,0.0,0.0,Nov,4,1,1,8,Returning_Visitor,True,False
3466,0,0.0,0,0.0,37,1669.559524,0.016190476,0.051333333,0.0,0.0,May,3,2,3,1,Returning_Visitor,False,False
1585,0,0.0,0,0.0,3,190.0,0.033333333,0.1,0.0,0.0,Mar,2,2,4,1,Returning_Visitor,False,False
992,0,0.0,0,0.0,8,157.5714286,0.0,0.025,0.0,0.0,Mar,3,2,2,3,Returning_Visitor,False,False
6417,0,0.0,0,0.0,3,54.4,0.066666667,0.133333333,0.0,0.0,Jul,3,2,4,3,Returning_Visitor,True,False
4930,1,6.0,0,0.0,41,634.6666667,0.012698413,0.024285714,0.0,0.0,May,2,4,7,3,Returning_Visitor,False,False
3034,0,0.0,0,0.0,14,221.5,0.0,0.014285714,0.0,0.0,May,2,2,1,2,Returning_Visitor,False,False
12062,2,233.5,0,0.0,36,1081.666667,0.025,0.046851852,0.0,0.0,Nov,2,2,9,1,Returning_Visitor,False,False
10351,2,87.83333333,1,113.0,67,4868.0,0.0,0.003174603,48.45370723,0.0,Dec,2,2,5,2,Returning_Visitor,False,True
3918,0,0.0,0,0.0,36,777.2175325,0.029166667,0.018068783,0.0,1.0,May,1,1,7,3,Returning_Visitor,True,False
1298,0,0.0,1,55.0,9,936.8333333,0.0,0.022222222,53.25533333,0.0,Mar,1,1,1,2,Returning_Visitor,True,True
11222,0,0.0,0,0.0,1,0.0,0.2,0.2,0.0,0.0,Nov,8,2,6,13,Returning_Visitor,False,False
4424,5,76.33333333,2,0.0,36,1420.547902,0.015384615,0.042694343,0.0,0.0,May,3,2,1,4,Returning_Visitor,False,False
3603,5,55.5,0,0.0,4,24.5,0.022222222,0.037037037,0.0,1.0,May,3,2,6,3,Returning_Visitor,True,False
12097,1,0.0,0,0.0,7,174.0,0.0,0.05,0.0,0.0,Nov,4,2,3,20,Returning_Visitor,False,False
3268,9,794.8833333,0,0.0,36,1697.55,0.0175,0.02575,24.61425,0.2,May,2,2,1,4,Returning_Visitor,False,False
3853,5,86.16666667,1,13.0,55,1546.503822,0.015577078,0.019159146,9.139760775,0.0,May,2,2,1,2,Returning_Visitor,True,False
4771,0,0.0,0,0.0,5,161.5,0.0,0.02,0.0,0.0,May,3,2,4,2,Returning_Visitor,True,False
2775,5,103.0,0,0.0,16,399.0,0.021052632,0.056140351,0.0,0.0,May,2,5,1,19,Returning_Visitor,False,False
5675,0,0.0,2,38.2,39,873.0,0.01,0.02,0.0,0.0,Sep,1,1,1,4,Returning_Visitor,False,False
3714,1,7.0,0,0.0,7,151.5,0.0,0.025,50.9925,0.0,May,2,2,1,1,Returning_Visitor,False,True
5196,1,11.5,0,0.0,22,683.0524892,0.02,0.051268674,0.0,0.6,May,3,3,5,3,Returning_Visitor,False,False
6364,1,27.2,0,0.0,71,1722.721127,0.005555556,0.034027778,0.0,0.0,Jul,2,2,7,1,Returning_Visitor,True,False
11049,0,0.0,0,0.0,15,411.0833333,0.013333333,0.033333333,0.0,0.0,Nov,2,2,3,3,Returning_Visitor,False,False
3027,0,0.0,0,0.0,27,321.6666667,0.051190476,0.07224026,0.0,0.8,May,3,2,1,1,Returning_Visitor,False,False
6912,2,10.77142857,0,0.0,70,2094.138889,0.023611111,0.05224537,0.0,0.0,Jul,2,2,3,1,Returning_Visitor,False,False
6299,4,228.72,0,0.0,4,154.9,0.0,0.008333333,0.0,0.0,Oct,1,8,1,11,New_Visitor,False,False
4186,0,0.0,0,0.0,1,0.0,0.2,0.2,0.0,0.0,May,3,2,2,19,Returning_Visitor,True,False
5444,2,59.0,0,0.0,3,82.0,0.04,0.06,0.0,0.0,May,1,1,6,3,New_Visitor,False,False
8092,3,123.5,1,0.0,22,759.5833333,0.0,0.0096,46.6785275,0.0,Nov,1,1,3,2,Returning_Visitor,False,True
4844,9,146.25,0,0.0,25,575.0,0.006666667,0.019666667,0.0,0.0,May,3,2,3,4,Returning_Visitor,True,False
7427,0,0.0,0,0.0,75,2532.960656,0.004266667,0.030748538,0.0,0.0,Aug,1,6,1,1,Returning_Visitor,False,False
492,0,0.0,0,0.0,16,676.75,0.014285714,0.035714286,0.0,0.0,Mar,4,2,1,3,Returning_Visitor,False,False
8856,0,0.0,0,0.0,14,238.6666667,0.0,0.003846154,0.0,0.0,Dec,2,2,5,2,New_Visitor,False,False
3315,3,249.0,0,0.0,8,1046.5,0.04,0.04,0.0,0.0,May,1,1,6,4,New_Visitor,True,False
765,0,0.0,0,0.0,4,173.5,0.0,0.05,0.0,0.0,Mar,3,3,4,3,Returning_Visitor,True,False
7336,1,6.0,0,0.0,27,1496.466667,0.04691358,0.069982363,7.468469311,0.0,Jul,3,2,3,1,Returning_Visitor,True,False
4874,7,188.1666667,0,0.0,52,1089.642857,0.003508772,0.010233918,20.11792982,0.0,May,2,5,6,5,Returning_Visitor,True,True
6231,1,22.2,0,0.0,16,694.4549784,0.0,0.001470588,54.91911804,0.0,Sep,2,2,7,2,New_Visitor,False,True
10328,0,0.0,0,0.0,22,348.4333333,0.028571429,0.041269841,0.0,0.0,Nov,1,8,6,11,Returning_Visitor,False,True
7389,6,90.1,0,0.0,35,643.05,0.0,0.015789474,0.0,0.0,Oct,1,1,3,4,Returning_Visitor,True,False
3742,0,0.0,0,0.0,7,297.0,0.028571429,0.071428571,0.0,0.8,May,1,1,1,1,Returning_Visitor,False,False
4826,0,0.0,3,101.0,7,208.5,0.0,0.025,0.0,0.0,May,2,2,1,5,New_Visitor,False,False
3424,2,7.5,0,0.0,63,1903.666667,0.008064516,0.019546851,0.0,0.4,May,1,2,2,4,Returning_Visitor,False,False
6734,4,40.2,1,0.0,12,2339.207143,0.011111111,0.036944444,0.0,0.0,Nov,1,1,1,2,Returning_Visitor,False,False
5408,3,295.6666667,0,0.0,48,2207.833333,0.001041667,0.016921296,0.0,0.0,May,1,8,3,11,Returning_Visitor,False,False
7166,1,10.0,0,0.0,25,583.35,0.0,0.016,71.07435633,0.0,Oct,1,1,1,2,Returning_Visitor,False,True
7250,0,0.0,0,0.0,9,980.5666667,0.0,0.011111111,78.56959864,0.0,Sep,2,2,5,2,New_Visitor,False,True
1315,0,0.0,1,28.0,13,474.6666667,0.0,0.014285714,33.41,0.0,Mar,2,2,1,6,Returning_Visitor,False,True
6492,0,0.0,0,0.0,2,16.2,0.0,0.1,0.0,0.0,Oct,1,1,1,2,New_Visitor,False,False
3378,0,0.0,1,12.0,57,2773.166667,0.015517241,0.050862069,8.325206897,0.0,May,2,2,4,6,Returning_Visitor,False,False
3351,0,0.0,0,0.0,3,242.0,0.066666667,0.133333333,0.0,0.0,May,3,2,4,3,Returning_Visitor,False,False
4766,1,2.0,0,0.0,27,463.8333333,0.040740741,0.067530864,0.0,0.0,May,3,2,2,4,Returning_Visitor,False,False
10781,0,0.0,0,0.0,1,0.0,0.2,0.2,0.0,0.0,Nov,3,2,1,1,Other,True,False
1579,11,348.6547619,1,11.0,64,1229.289286,0.0,0.002493853,54.95126905,0.0,Mar,2,2,1,2,New_Visitor,False,False
187,10,293.7782051,2,153.0,96,3283.166739,0.001960784,0.013509414,0.0,0.0,Mar,3,2,6,2,Returning_Visitor,True,False
10826,0,0.0,1,0.0,36,671.425,0.005405405,0.016216216,0.0,0.0,Dec,2,4,1,2,Returning_Visitor,False,False
11826,0,0.0,4,117.25,96,5286.208333,0.011,0.024119048,0.0,0.0,Nov,2,2,1,1,Returning_Visitor,True,False
1658,1,3.0,0,0.0,7,114.8333333,0.014285714,0.007142857,0.0,0.0,Mar,3,2,1,10,Returning_Visitor,False,False
4334,0,0.0,0,0.0,2,113.0,0.0,0.1,0.0,0.0,May,2,2,3,13,Returning_Visitor,False,False
3726,2,7.0,0,0.0,11,778.0,0.018181818,0.072727273,0.0,0.8,May,1,1,1,3,Returning_Visitor,False,False
2620,1,19.0,0,0.0,8,87.0,0.0,0.014285714,0.0,0.6,May,2,2,1,3,New_Visitor,False,False
1408,0,0.0,0,0.0,2,403.0,0.1,0.15,0.0,0.0,Mar,2,10,3,3,Returning_Visitor,False,False
11640,8,163.375,0,0.0,18,403.4166667,0.0,0.005,0.0,0.0,Dec,2,2,9,2,New_Visitor,False,False
6751,1,92.6,0,0.0,30,1126.392821,0.0,0.006666667,67.18378365,0.0,Nov,2,2,1,6,Returning_Visitor,False,True
3933,0,0.0,0,0.0,5,200.0,0.0,0.05,0.0,0.0,May,3,2,1,4,Returning_Visitor,True,False
11704,0,0.0,0,0.0,76,1553.269048,0.0,0.009586466,0.0,0.0,Nov,2,4,1,2,Returning_Visitor,False,False
7012,0,0.0,0,0.0,27,1544.533333,0.048148148,0.080246914,0.0,0.0,June,1,1,3,3,Returning_Visitor,False,False
2314,0,0.0,0,0.0,2,28.0,0.0,0.1,0.0,0.0,May,2,2,1,3,Returning_Visitor,False,False
179,0,0.0,0,0.0,6,163.25,0.033333333,0.033333333,0.0,0.6,Feb,1,1,6,2,Returning_Visitor,False,False
7040,4,193.4,0,0.0,3,364.7,0.0,0.028571429,0.0,0.0,Oct,2,2,4,4,Returning_Visitor,False,False
8390,7,144.4615385,4,167.1666667,111,2312.337853,0.005128205,0.013887559,8.191922892,0.0,Nov,1,1,1,2,Returning_Visitor,False,True
3165,1,15.0,0,0.0,29,1714.4,0.024074074,0.048765432,0.0,0.0,May,2,5,6,4,Returning_Visitor,False,False
10525,8,108.8333333,0,0.0,21,780.5833333,0.008695652,0.017391304,25.03946022,0.0,Nov,2,5,1,3,New_Visitor,False,True
8776,0,0.0,0,0.0,15,275.5,0.004444444,0.031111111,0.0,0.0,Nov,2,2,3,2,Returning_Visitor,False,False
2638,0,0.0,0,0.0,3,11.0,0.033333333,0.166666667,0.0,0.6,May,2,4,1,6,Returning_Visitor,False,False
7051,0,0.0,0,0.0,7,999.8,0.00952381,0.031428571,0.0,0.0,Sep,3,2,1,4,Returning_Visitor,False,False
10092,0,0.0,0,0.0,7,162.25,0.071428571,0.09047619,0.0,0.0,Dec,2,2,3,3,Returning_Visitor,False,False
10930,9,210.625,3,143.5,167,8249.106771,0.006940472,0.021347061,2.907879344,0.0,Nov,1,1,1,10,Returning_Visitor,False,True
9371,14,160.1115392,6,1079.833333,154,7405.360281,0.004924242,0.021452975,8.533928457,0.0,Nov,4,1,4,1,Returning_Visitor,False,True
5385,1,4.0,0,0.0,14,333.9,0.0,0.007142857,24.50485714,0.0,May,3,2,2,6,New_Visitor,False,True
11216,4,48.66666667,0,0.0,66,2436.106169,0.006036217,0.034560698,12.02904527,0.0,Nov,2,2,3,6,Returning_Visitor,False,False
5711,9,219.9333333,0,0.0,56,1371.415714,0.002539683,0.011752445,0.0,0.0,Oct,3,2,1,5,Returning_Visitor,True,False
10547,2,143.25,0,0.0,38,2508.413853,0.0,0.00745614,54.16451768,0.0,Nov,2,2,7,2,Returning_Visitor,False,True
3166,0,0.0,0,0.0,46,2213.366667,0.034782609,0.054710145,0.0,1.0,May,3,2,3,13,Returning_Visitor,True,False
4547,1,4.0,0,0.0,1,4.0,0.0,0.016666667,0.0,0.8,May,2,2,3,5,Returning_Visitor,False,False
612,6,523.2142857,2,263.0,48,2309.732468,0.003846154,0.014903846,10.60089168,0.0,Mar,2,2,3,1,Returning_Visitor,False,True
5672,0,0.0,0,0.0,31,464.9333333,0.006451613,0.033870968,0.0,0.0,June,2,2,3,3,Returning_Visitor,False,False
7760,0,0.0,0,0.0,22,343.0333333,0.0,0.027272727,0.0,0.0,June,2,5,6,1,Returning_Visitor,False,False
747,3,12.0,1,24.0,3,5.333333333,0.033333333,0.083333333,0.0,0.0,Mar,2,2,1,3,Returning_Visitor,False,False
8722,0,0.0,0,0.0,6,903.3571429,0.054545455,0.054385965,0.0,0.0,Dec,3,3,1,3,Returning_Visitor,False,False
9907,0,0.0,0,0.0,1,0.0,0.2,0.2,0.0,0.0,Dec,2,2,1,13,Returning_Visitor,False,False
7372,3,63.0,0,0.0,2,14.6,0.0,0.016666667,0.0,0.0,Oct,1,1,1,2,New_Visitor,False,False
6132,0,0.0,0,0.0,12,146.1333333,0.05,0.066666667,0.0,0.0,Jul,2,2,1,1,Returning_Visitor,False,False
1407,1,85.0,4,208.5,12,413.8,0.0,0.003921569,0.0,0.0,Mar,1,1,1,2,Returning_Visitor,False,False
2615,0,0.0,0,0.0,1,0.0,0.2,0.2,0.0,0.0,May,2,2,3,3,Returning_Visitor,False,False
378,0,0.0,0,0.0,25,770.0285714,0.0112,0.034933333,0.0,0.0,Mar,3,2,8,10,Returning_Visitor,False,False
3192,0,0.0,0,0.0,4,72.66666667,0.0,0.083333333,0.0,0.4,May,2,2,3,4,Returning_Visitor,False,False
7127,3,177.88,0,0.0,12,311.6133333,0.05,0.052380952,0.0,0.0,Oct,3,2,2,13,Returning_Visitor,False,False
11205,0,0.0,0,0.0,1,0.0,0.2,0.2,0.0,0.0,Dec,8,13,9,20,Other,False,False
10524,0,0.0,0,0.0,28,912.4348485,0.0,0.026839827,0.0,0.0,Nov,2,2,7,2,Returning_Visitor,True,False
10736,4,48.5,0,0.0,7,31.5,0.0,0.026666667,0.0,0.0,Dec,2,2,1,2,Returning_Visitor,False,False
5628,0,0.0,0,0.0,24,583.0,0.0,0.025,0.0,0.0,Jul,2,2,1,4,Returning_Visitor,False,False
11624,0,0.0,0,0.0,1,0.0,0.2,0.2,0.0,0.0,Nov,3,2,1,1,Returning_Visitor,False,False
8108,0,0.0,0,0.0,35,1579.333333,0.005714286,0.02,0.0,0.0,Nov,2,2,1,1,New_Visitor,False,False
7190,0,0.0,0,0.0,13,353.7866667,0.0,0.016666667,36.33496365,0.0,June,1,1,1,2,New_Visitor,False,True
8150,1,4.0,4,123.3333333,79,2387.139881,0.028733963,0.046198341,0.0,0.0,Nov,3,2,1,13,Returning_Visitor,True,False
10179,3,54.5,0,0.0,67,2891.744571,0.013235294,0.023901833,0.0,0.0,Nov,3,2,1,13,Returning_Visitor,True,False
3228,5,827.2,2,48.5,71,3439.733242,0.0,0.014808078,0.0,0.0,May,2,2,1,2,Returning_Visitor,False,False
2395,3,65.16666667,2,16.0,23,599.3333333,0.008333333,0.016666667,5.4945,0.0,May,1,8,2,11,Returning_Visitor,True,True
4453,3,105.0,0,0.0,35,999.0,0.0,0.005714286,0.0,0.0,May,3,2,3,4,New_Visitor,False,False
10187,0,0.0,2,21.0,17,190.7083333,0.022222222,0.039259259,0.0,0.0,Nov,3,2,1,13,Returning_Visitor,True,False
2141,0,0.0,0,0.0,22,370.3333333,0.018181818,0.054545455,0.0,0.6,May,2,2,4,13,Returning_Visitor,False,False
6001,1,21.2,0,0.0,12,249.4095238,0.015384615,0.019230769,0.0,0.0,Oct,2,2,8,2,Returning_Visitor,True,False
5941,1,17.2,0,0.0,11,394.8,0.0,0.027272727,0.0,0.0,Nov,2,2,4,13,Returning_Visitor,False,False
11245,2,93.0,2,221.0,41,716.7916667,0.008888889,0.041481481,0.0,0.0,Nov,2,2,3,2,Returning_Visitor,False,False
1940,2,80.66666667,0,0.0,12,1071.611111,0.030769231,0.046666667,0.0,0.0,Mar,2,2,2,1,Returning_Visitor,False,False
9492,1,30.5,0,0.0,34,1333.166667,0.0,0.006060606,8.754045182,0.0,Dec,2,2,7,2,New_Visitor,False,True
5861,11,456.2333333,1,13.0,89,1904.653507,0.01827957,0.027002924,0.0,0.0,Oct,1,1,4,3,Returning_Visitor,False,False
5356,0,0.0,0,0.0,6,34.33333333,0.033333333,0.05,0.0,0.6,May,2,2,2,3,Returning_Visitor,False,False
11778,5,266.0,0,0.0,29,730.35,0.006060606,0.026262626,32.91300914,0.0,Nov,4,1,8,1,Returning_Visitor,False,True
3945,0,0.0,0,0.0,7,58.0,0.028571429,0.057142857,0.0,0.0,May,2,2,1,4,Returning_Visitor,False,False
9452,3,86.0,0,0.0,27,3188.483333,0.017241379,0.031034483,0.0,0.0,Dec,2,5,4,2,Returning_Visitor,False,False
5190,5,46.0,0,0.0,35,539.0,0.005555556,0.011111111,39.15,0.0,May,2,2,3,6,Returning_Visitor,True,True
6414,0,0.0,0,0.0,13,261.8,0.015384615,0.084615385,0.0,0.0,Sep,1,1,1,3,Returning_Visitor,False,False
1784,0,0.0,0,0.0,29,669.9679487,0.013793103,0.017241379,0.0,0.0,Mar,1,2,6,2,Returning_Visitor,False,False
1520,0,0.0,1,65.0,15,1728.321429,0.014285714,0.016428571,0.0,0.0,Mar,1,1,6,1,Returning_Visitor,False,False
5210,0,0.0,0,0.0,4,46.0,0.0,0.05,0.0,0.0,May,1,1,7,2,Returning_Visitor,False,False
12091,1,54.5,0,0.0,26,449.25,0.0,0.022222222,0.0,0.0,Dec,4,2,3,2,Returning_Visitor,False,False
1389,0,0.0,0,0.0,1,0.0,0.2,0.2,0.0,0.0,Mar,3,2,3,1,Returning_Visitor,True,False
2506,0,0.0,0,0.0,7,128.0,0.028571429,0.057142857,0.0,0.6,May,3,2,1,3,Returning_Visitor,False,False
4843,0,0.0,0,0.0,4,93.5,0.0,0.05,0.0,0.0,May,2,2,1,2,Returning_Visitor,True,False
10028,0,0.0,0,0.0,2,27.5,0.0,0.1,0.0,0.0,Nov,2,2,1,1,Returning_Visitor,True,False
10905,0,0.0,0,0.0,14,419.375,0.042857143,0.083333333,0.0,0.0,Nov,2,2,8,1,Returning_Visitor,False,False
6077,0,0.0,0,0.0,66,1216.352121,0.0,0.0,62.853261,0.0,Sep,2,2,4,2,New_Visitor,False,True
1440,3,219.0,0,0.0,12,526.3333333,0.022222222,0.058571429,0.0,0.0,Mar,1,1,3,1,Returning_Visitor,False,False
3805,5,33.0,0,0.0,54,1835.066667,0.003773585,0.011320755,0.0,0.0,May,2,2,4,4,Returning_Visitor,False,False
9754,0,0.0,0,0.0,9,444.0,0.0,0.044444444,0.0,0.0,Nov,2,2,6,13,Returning_Visitor,False,False
2504,0,0.0,0,0.0,23,406.0,0.030434783,0.05942029,0.0,0.2,May,2,2,1,13,Returning_Visitor,False,False
9829,3,159.1666667,2,8.0,69,2766.942172,0.002816901,0.028665325,5.931332852,0.0,Dec,2,2,1,2,Returning_Visitor,False,False
11601,18,514.075,4,67.5,178,6630.479365,0.003645833,0.010805067,0.0,0.0,Nov,3,2,1,8,Returning_Visitor,False,True
10860,0,0.0,0,0.0,1,104.0,0.0,0.1,0.0,0.0,Dec,2,6,4,1,Returning_Visitor,False,False
2116,0,0.0,0,0.0,8,227.0,0.025,0.05,0.0,0.0,May,3,2,6,13,Returning_Visitor,False,False
10415,6,31.0,0,0.0,17,1494.25,0.020289855,0.031449275,0.0,0.0,Nov,1,1,3,7,Returning_Visitor,False,False
4132,6,99.5,0,0.0,11,143.0,0.0,0.014285714,0.0,0.0,May,2,10,8,2,Returning_Visitor,False,False
11417,15,1535.355556,0,0.0,43,3606.088889,0.009770115,0.043951451,0.0,0.0,Dec,2,2,1,1,Returning_Visitor,False,False
2035,0,0.0,0,0.0,24,473.6833333,0.008333333,0.00952381,0.0,0.0,Mar,3,2,3,1,Returning_Visitor,False,False
6216,0,0.0,0,0.0,10,158.3666667,0.0,0.0,54.9950922,0.0,Jul,2,2,1,1,Returning_Visitor,False,True
10819,0,0.0,0,0.0,91,3511.833059,0.002247191,0.007151775,0.0,0.0,Dec,3,2,1,1,Returning_Visitor,False,False
4812,0,0.0,0,0.0,3,258.0,0.0,0.066666667,0.0,0.0,May,3,2,3,4,Returning_Visitor,True,False
11516,0,0.0,0,0.0,5,134.5,0.04,0.024,0.0,0.0,Nov,3,2,9,3,Returning_Visitor,True,False
7078,0,0.0,0,0.0,3,19.0,0.0,0.066666667,0.0,0.0,Jul,2,2,3,3,Returning_Visitor,False,False
3102,0,0.0,0,0.0,15,1861.5,0.0,0.026666667,0.0,0.0,May,3,3,4,3,Returning_Visitor,False,False
8043,0,0.0,0,0.0,12,279.547619,0.0,0.019047619,0.0,0.0,Nov,3,2,1,3,Returning_Visitor,False,False
5244,3,14.0,0,0.0,30,513.9404762,0.0,0.01,62.866,0.0,May,2,2,4,13,Returning_Visitor,False,False
58,0,0.0,0,0.0,4,104.0,0.0,0.05,0.0,0.4,Feb,2,6,6,3,Returning_Visitor,False,False
2386,0,0.0,0,0.0,7,317.0,0.025,0.041666667,0.0,0.2,May,2,2,2,6,Returning_Visitor,False,False
1619,0,0.0,0,0.0,63,2777.616667,0.0,0.014086022,0.0,0.0,Mar,2,2,3,1,Returning_Visitor,False,False
10591,0,0.0,0,0.0,28,728.9791667,0.029761905,0.032959184,0.0,0.0,Nov,1,1,3,2,Returning_Visitor,False,False
1133,0,0.0,0,0.0,1,0.0,0.2,0.2,0.0,0.0,Mar,2,4,5,1,Returning_Visitor,False,False
1826,12,187.2777778,3,88.58333333,43,3266.127778,0.004242424,0.043712341,3.332333333,0.0,Mar,1,1,1,10,Returning_Visitor,False,False
5053,0,0.0,0,0.0,19,801.5833333,0.010526316,0.035087719,0.0,1.0,May,1,1,1,2,Returning_Visitor,True,False
10339,0,0.0,0,0.0,171,6793.383281,0.007766272,0.023198706,2.381971158,0.0,Nov,2,2,1,1,Returning_Visitor,False,True
5171,0,0.0,0,0.0,12,582.5,0.0,0.006666667,0.0,0.0,May,2,4,4,2,New_Visitor,True,False
4948,0,0.0,0,0.0,39,2827.428571,0.0,0.015789474,11.33463158,0.0,May,2,2,2,4,Returning_Visitor,False,False
11673,0,0.0,0,0.0,8,185.0,0.025,0.033333333,0.0,0.0,Dec,3,2,3,10,Returning_Visitor,False,False
9055,0,0.0,0,0.0,9,134.75,0.083333333,0.124444444,0.0,0.0,Nov,1,1,2,1,Returning_Visitor,False,False
7072,2,174.6,0,0.0,12,251.2,0.061904762,0.080612245,0.0,0.0,Aug,3,2,6,1,Returning_Visitor,False,False
1652,1,7.0,2,562.0,36,1300.190476,0.010810811,0.038738739,0.0,0.0,Mar,2,2,1,1,Returning_Visitor,True,False
2340,0,0.0,1,257.0,31,1906.8,0.01875,0.048125,22.62989583,0.4,May,2,2,2,11,Returning_Visitor,False,True
7784,1,69.6,0,0.0,46,1292.449762,0.004347826,0.005555556,0.0,0.0,Aug,3,2,1,2,Returning_Visitor,True,False
10635,1,0.0,2,360.0,82,6858.672122,0.002409639,0.013380361,0.0,0.0,Nov,1,1,3,2,Returning_Visitor,False,False
9474,0,0.0,0,0.0,6,104.6666667,0.0,0.041666667,0.0,0.0,Dec,3,2,1,10,Returning_Visitor,False,False
4193,7,1474.5,2,11.5,129,5293.824709,0.005072464,0.020659075,2.524993961,0.2,May,2,2,3,1,Returning_Visitor,False,False
4857,2,55.0,1,36.0,24,914.5060606,0.015384615,0.016666667,0.0,0.4,May,3,2,8,3,Returning_Visitor,False,False
6540,4,11.0,0,0.0,44,2149.190195,0.02705314,0.048201119,0.0,0.0,Aug,1,1,1,3,Returning_Visitor,False,False
363,4,86.0,0,0.0,46,2450.688095,0.027083333,0.047905093,0.0,0.0,Mar,1,1,3,3,Returning_Visitor,False,False
6086,0,0.0,2,76.6,377,11729.40804,0.032877299,0.04524582,0.0,0.0,Jul,3,2,1,3,Returning_Visitor,False,False
10383,3,53.0,5,9.5,218,8205.68794,0.02357037,0.039663918,1.18073661,0.0,Nov,1,1,3,3,Returning_Visitor,False,True
7648,1,7.6,1,0.0,3,14.6,0.0,0.08,0.0,0.0,Sep,2,2,1,2,Returning_Visitor,True,False
8538,0,0.0,0,0.0,25,1344.291667,0.0,0.008695652,0.0,0.0,Nov,2,4,1,8,Returning_Visitor,False,False
10145,1,63.5,0,0.0,10,552.3333333,0.0,0.016363636,0.0,0.0,Dec,1,1,4,10,Returning_Visitor,False,False
4491,3,48.0,0,0.0,10,129.5,0.0,0.018181818,0.0,0.0,May,2,5,9,4,Returning_Visitor,False,False
7689,14,574.4511905,0,0.0,41,2688.864762,0.0,0.011853002,36.96220452,0.0,Sep,3,2,3,4,Returning_Visitor,False,True
9135,3,66.375,0,0.0,85,3344.958929,0.002325581,0.012754534,0.0,0.0,Dec,2,2,4,3,Returning_Visitor,False,False
1454,0,0.0,0,0.0,9,1225.5,0.022222222,0.044444444,0.0,0.0,Mar,1,2,9,1,Returning_Visitor,False,False
5691,0,0.0,0,0.0,8,64.6,0.05,0.075,0.0,0.0,Jul,2,2,2,13,Returning_Visitor,False,False
3529,4,47.5,0,0.0,16,331.3333333,0.0,0.010526316,254.6071579,0.0,May,2,5,1,2,New_Visitor,False,True
2658,2,26.5,0,0.0,47,716.625,0.0,0.009574468,0.0,0.0,May,2,4,6,5,New_Visitor,False,False
5728,7,275.0844444,0,0.0,70,806.0266667,0.0,0.002666667,0.0,0.0,Oct,2,5,1,2,New_Visitor,False,False
8965,11,334.1666667,2,34.0,140,4817.369546,0.002684564,0.009552573,11.97037051,0.0,Nov,2,2,9,2,Returning_Visitor,False,False
12093,10,260.25,0,0.0,31,1694.333333,0.017142857,0.039047619,15.108543,0.0,Nov,2,2,4,3,Returning_Visitor,False,False
7489,0,0.0,0,0.0,12,460.2,0.061111111,0.111111111,0.0,0.0,Jul,2,2,6,4,Returning_Visitor,False,False
9437,2,33.5,0,0.0,23,398.4,0.0,0.017391304,0.0,0.0,Dec,2,2,3,6,Returning_Visitor,False,False
5010,0,0.0,0,0.0,6,332.0,0.0,0.033333333,0.0,0.0,May,2,5,4,11,Returning_Visitor,False,False
5045,18,255.7166667,0,0.0,184,7706.546429,0.002083333,0.013793271,6.738395238,0.0,May,2,2,9,6,Returning_Visitor,False,False
11454,0,0.0,0,0.0,11,225.5,0.018181818,0.054545455,0.0,0.0,Nov,2,5,4,11,Returning_Visitor,False,False
9506,0,0.0,0,0.0,45,747.0428571,0.017777778,0.031296296,0.0,0.0,Nov,3,2,1,13,Returning_Visitor,False,False
7381,4,54.8,0,0.0,3,20.25714286,0.0,0.028571429,0.0,0.0,Aug,1,1,3,2,Returning_Visitor,False,False
387,0,0.0,0,0.0,4,57.0,0.0,0.025,0.0,0.0,Mar,2,2,6,2,Returning_Visitor,False,False
5468,17,180.1333333,1,80.6,180,6512.010952,0.002645503,0.012248677,0.0,0.0,Sep,2,2,1,3,Returning_Visitor,False,False
10245,12,209.375,0,0.0,43,2754.117424,0.0046875,0.033875153,13.68108942,0.0,Dec,3,2,3,2,Returning_Visitor,False,False
6208,5,140.6,0,0.0,81,2408.312828,0.002554278,0.007459475,23.07581495,0.0,Oct,2,4,1,2,Returning_Visitor,False,True
10198,7,172.375,2,52.5,226,12900.7676,0.004361055,0.017955889,44.69642794,0.0,Nov,2,2,1,2,Returning_Visitor,False,True
3421,0,0.0,0,0.0,119,1243.180556,0.0,0.007668207,1.809360775,0.0,May,2,2,1,2,Returning_Visitor,False,False
1687,2,21.0,0,0.0,11,660.1666667,0.0,0.016666667,0.0,0.0,Mar,2,2,1,3,Returning_Visitor,False,False
7825,2,48.4,0,0.0,2,37.2,0.0,0.05,0.0,0.0,June,1,1,1,2,Returning_Visitor,False,False
3007,0,0.0,0,0.0,4,36.0,0.1,0.15,0.0,0.6,May,2,5,1,3,Returning_Visitor,False,False
6753,3,55.05,0,0.0,18,4916.583333,0.013636364,0.018636364,20.08902391,0.0,Nov,2,6,5,1,Returning_Visitor,False,True
2896,0,0.0,0,0.0,5,0.0,0.2,0.2,0.0,0.4,May,3,2,4,13,Returning_Visitor,False,False
5339,1,62.0,1,172.0,58,1341.261111,0.004597701,0.009827586,0.0,0.0,May,3,2,4,4,Returning_Visitor,False,False
9934,1,235.0,0,0.0,3,127.6,0.0,0.025,0.0,0.0,Dec,2,2,1,2,New_Visitor,False,False
3393,0,0.0,1,19.0,27,1523.05,0.0,0.001851852,22.12888889,0.0,May,1,1,1,4,Returning_Visitor,False,True
857,4,13.61904762,0,0.0,27,520.3333333,0.0,0.020322581,8.497935484,0.0,Mar,3,2,4,2,Returning_Visitor,True,False
8799,5,136.0,1,13.0,85,2155.653752,0.005998168,0.019225201,3.920321611,0.0,Nov,1,1,1,2,Returning_Visitor,True,True
9219,0,0.0,0,0.0,5,94.8,0.07,0.057777778,0.0,0.0,Nov,3,2,7,13,Returning_Visitor,False,False
1252,2,85.5,0,0.0,42,1741.483333,0.0,0.002051282,27.12804201,0.0,Mar,2,10,1,1,Returning_Visitor,False,False
4744,3,37.5,0,0.0,46,1804.9,0.017730496,0.039361702,0.0,0.0,May,2,2,3,6,Returning_Visitor,False,False
3920,5,96.25,0,0.0,26,1222.333333,0.0,0.006451613,42.95612903,0.0,May,2,2,1,1,Returning_Visitor,False,True
3944,3,64.0,0,0.0,29,619.4,0.0,0.007142857,42.89057143,0.0,May,2,2,1,3,Returning_Visitor,False,True
5429,1,0.0,0,0.0,4,334.0,0.08,0.116,0.0,0.0,May,1,1,3,1,Returning_Visitor,True,False
8079,0,0.0,0,0.0,1,0.0,0.2,0.2,0.0,0.0,Dec,1,2,1,1,Returning_Visitor,False,False
47,0,0.0,0,0.0,3,80.0,0.066666667,0.133333333,0.0,0.2,Feb,3,2,1,3,Returning_Visitor,False,False
3063,1,38.0,2,20.0,57,2931.580303,0.004,0.021833333,0.0,1.0,May,2,2,4,2,Returning_Visitor,True,False
7363,9,524.9333333,2,30.66666667,31,1157.444833,0.005698006,0.02881889,10.79674946,0.0,Nov,2,2,3,1,Returning_Visitor,True,False
6813,0,0.0,0,0.0,5,109.8,0.12,0.16,0.0,0.0,Aug,1,1,4,3,Returning_Visitor,False,False
11092,0,0.0,0,0.0,12,676.25,0.0,0.025,0.0,0.0,Nov,2,4,1,6,Returning_Visitor,False,False
6452,6,206.03,0,0.0,129,3778.345,0.010687023,0.024611656,2.169469761,0.0,Oct,2,2,1,3,Returning_Visitor,False,True
7694,0,0.0,0,0.0,35,536.7333333,0.0,0.012222222,3.70979448,0.0,Jul,2,2,3,4,Returning_Visitor,False,True
4896,0,0.0,0,0.0,1,0.0,0.2,0.2,0.0,0.0,May,3,6,2,2,Returning_Visitor,False,False
1047,0,0.0,0,0.0,1,0.0,0.2,0.2,0.0,0.0,Mar,3,2,5,1,Returning_Visitor,False,False
4900,6,212.0,1,9.0,10,491.0,0.0,0.004444444,0.0,0.6,May,1,1,1,2,Returning_Visitor,False,False
817,2,115.0,0,0.0,5,36.0,0.0,0.033333333,0.0,0.0,Mar,1,1,3,11,Returning_Visitor,False,False
10969,1,28.5,2,44.5,12,445.5,0.00625,0.022916667,0.0,0.0,Nov,3,2,1,8,New_Visitor,False,False
5475,2,79.6,3,332.08,34,1011.016667,0.018918919,0.043243243,5.128358233,0.0,Oct,2,2,7,1,Returning_Visitor,False,True
3028,0,0.0,0,0.0,11,540.5,0.0,0.02,0.0,0.0,May,2,2,7,4,New_Visitor,True,False
309,5,86.0,0,0.0,23,267.3,0.0,0.016,0.0,0.0,Mar,1,1,4,9,Returning_Visitor,True,False
7945,0,0.0,0,0.0,32,2479.342857,0.0,0.010967742,0.0,0.0,Nov,2,2,3,7,Returning_Visitor,False,False
8284,11,118.1785714,2,91.5,162,5399.231269,0.004859086,0.014667832,14.77221948,0.0,Nov,2,2,4,10,Returning_Visitor,False,True
1261,0,0.0,0,0.0,17,557.1666667,0.023529412,0.049509804,0.0,0.0,Mar,3,2,1,1,Returning_Visitor,False,False
3816,0,0.0,0,0.0,13,136.0,0.142857143,0.154761905,0.0,0.8,May,3,2,7,13,Returning_Visitor,False,False
9784,8,288.0875,0,0.0,20,326.9277778,0.033333333,0.059464286,0.0,0.0,Dec,3,2,1,1,Returning_Visitor,True,False
4416,0,0.0,0,0.0,13,151.0,0.007692308,0.023076923,0.0,1.0,May,1,1,1,1,Returning_Visitor,True,False
10718,0,0.0,0,0.0,6,118.3333333,0.033333333,0.044444444,0.0,0.0,Nov,3,2,1,3,Returning_Visitor,True,False
9414,0,0.0,0,0.0,10,594.0,0.0,0.031666667,0.0,0.0,Dec,2,2,1,2,Returning_Visitor,False,False
1875,0,0.0,1,65.5,49,574.8333333,0.0,0.012,0.0,0.0,Mar,2,2,2,10,Returning_Visitor,False,False
716,2,306.0,0,0.0,14,964.5,0.0,0.030952381,0.0,0.0,Mar,2,2,4,1,Returning_Visitor,False,False
8518,0,0.0,0,0.0,13,257.0,0.035714286,0.078571429,0.0,0.0,Nov,1,1,2,2,Returning_Visitor,False,False
9367,2,54.5,0,0.0,5,66.5,0.0,0.028571429,0.0,0.0,Dec,8,13,9,20,Other,False,False
407,0,0.0,0,0.0,2,24.0,0.0,0.1,0.0,0.0,Mar,2,6,1,2,Returning_Visitor,False,False
7754,0,0.0,0,0.0,20,1016.883333,0.035,0.052333333,0.0,0.0,Jul,3,2,4,4,Returning_Visitor,False,False
3771,1,15.0,0,0.0,12,189.6666667,0.015384615,0.028205128,0.0,0.0,May,3,2,6,1,Returning_Visitor,False,False
11098,3,45.5,0,0.0,13,661.9166667,0.0,0.025,0.0,0.0,Nov,2,2,1,2,New_Visitor,False,False
5279,0,0.0,0,0.0,3,0.0,0.2,0.2,0.0,0.2,May,2,2,3,1,Returning_Visitor,False,False
4895,1,34.0,0,0.0,12,2052.833333,0.016666667,0.016666667,0.0,0.0,May,1,1,1,3,Returning_Visitor,False,False
2101,0,0.0,0,0.0,17,631.5,0.011764706,0.064705882,0.0,0.8,May,2,2,1,13,Returning_Visitor,False,False
7865,0,0.0,0,0.0,1,0.0,0.2,0.2,0.0,0.0,Jul,3,2,1,4,Returning_Visitor,False,False
6773,3,67.4,0,0.0,4,51.3,0.0,0.028571429,0.0,0.0,Oct,2,2,1,2,New_Visitor,True,False
4441,6,75.0,0,0.0,33,1930.333333,0.012222222,0.039074074,0.0,0.0,May,2,2,4,11,Returning_Visitor,False,False
8665,4,67.41666667,0,0.0,17,523.5416667,0.023333333,0.057,30.68883081,0.0,Dec,2,2,5,1,Returning_Visitor,False,False
6341,2,58.4,0,0.0,24,589.8,0.032098765,0.05617284,1.696968944,0.0,Sep,2,2,1,1,Returning_Visitor,True,False
9854,0,0.0,0,0.0,38,907.943254,0.0,0.005405405,23.6645871,0.0,Dec,2,2,1,2,Returning_Visitor,False,True
3680,12,251.8666667,0,0.0,60,1993.915257,0.005970149,0.011984127,13.09154641,0.0,May,2,2,2,1,Returning_Visitor,False,False
6273,15,304.5833333,0,0.0,33,761.2233333,0.007619048,0.020793651,0.0,0.0,Oct,3,2,1,3,Returning_Visitor,True,False
5967,0,0.0,0,0.0,13,328.9,0.015384615,0.046153846,0.0,0.0,June,2,2,3,3,Returning_Visitor,False,False
12193,0,0.0,0,0.0,5,52.66666667,0.04,0.05,0.0,0.0,Nov,3,2,2,13,Returning_Visitor,False,False
6402,0,0.0,0,0.0,6,351.4,0.066666667,0.1,0.0,0.0,June,2,2,1,3,Returning_Visitor,False,False
3278,0,0.0,0,0.0,18,1360.5,0.016666667,0.040740741,0.0,0.6,May,2,2,6,3,Returning_Visitor,False,False
6999,4,70.4,2,47.4,8,97.9,0.05,0.058333333,0.0,0.0,June,1,2,4,2,Returning_Visitor,False,False
11429,0,0.0,0,0.0,26,938.5833333,0.007692308,0.021794872,0.0,0.0,Dec,2,2,6,1,Returning_Visitor,False,False
11846,0,0.0,0,0.0,4,163.0,0.05,0.1,0.0,0.0,Dec,2,2,3,11,Returning_Visitor,False,False
5426,2,40.0,0,0.0,4,55.0,0.0,0.033333333,0.0,0.2,May,4,2,1,13,Returning_Visitor,False,False
8333,1,33.5,0,0.0,18,1169.0,0.0,0.011764706,54.38258659,0.0,Dec,2,4,7,2,New_Visitor,False,True
8647,3,36.5,0,0.0,11,496.25,0.0,0.026190476,0.0,0.0,Dec,2,2,1,8,Returning_Visitor,False,False
5669,0,0.0,0,0.0,1,0.0,0.2,0.2,0.0,0.0,Jul,1,1,1,1,Returning_Visitor,False,False
5314,0,0.0,0,0.0,26,2676.0,0.030769231,0.04556213,0.0,0.6,May,2,6,2,6,Returning_Visitor,False,False
7105,0,0.0,0,0.0,74,1146.469048,0.021621622,0.031306306,0.408238132,0.0,Nov,2,2,1,1,Returning_Visitor,False,False
6678,3,240.8,1,4.0,13,279.8333333,0.0,0.00625,0.0,0.0,Nov,3,2,2,2,Returning_Visitor,False,False
7058,3,60.73333333,0,0.0,27,696.9,0.0,0.014814815,0.0,0.0,Sep,2,2,6,4,Returning_Visitor,False,False
6709,4,40.2,1,16.13333333,9,229.8833333,0.0,0.014285714,0.0,0.0,Oct,2,2,6,2,New_Visitor,False,False
2063,4,71.5,0,0.0,42,758.75,0.004444444,0.015555556,0.0,0.0,Mar,2,5,2,2,Returning_Visitor,False,False
6878,3,46.4,0,0.0,8,168.2,0.0,0.033333333,4.78307258,0.0,Oct,2,7,7,20,Returning_Visitor,True,True
1422,0,0.0,0,0.0,6,73.75,0.033333333,0.044444444,0.0,0.0,Mar,3,2,3,2,Returning_Visitor,False,False
193,0,0.0,0,0.0,3,42.0,0.0,0.066666667,0.0,0.0,Mar,2,2,3,1,Returning_Visitor,False,False
9368,9,175.9345238,4,54.5,229,6606.783899,0.00373444,0.015020196,8.896836973,0.0,Nov,2,2,1,2,Returning_Visitor,False,True
9886,4,72.0,0,0.0,4,46.5,0.04,0.06,0.0,0.0,Nov,3,2,2,3,Returning_Visitor,False,False
1130,0,0.0,0,0.0,5,381.6666667,0.0,0.02,0.0,0.0,Mar,1,1,3,2,Returning_Visitor,False,False
10920,0,0.0,1,16.0,65,2863.400427,0.003125,0.011346726,0.0,0.0,Nov,2,2,1,2,Returning_Visitor,False,False
3374,3,94.0,0,0.0,19,707.2666667,0.0,0.035714286,0.0,0.0,May,2,2,4,2,Returning_Visitor,False,False
2454,4,431.0,0,0.0,6,619.0,0.0,0.025,0.0,0.0,May,1,8,2,11,Returning_Visitor,False,False
1474,0,0.0,2,31.0,3,47.0,0.04,0.08,0.0,0.0,Mar,1,1,6,1,Returning_Visitor,True,False
4563,2,45.0,2,55.5,4,77.5,0.0,0.033333333,0.0,0.0,May,1,1,2,4,Returning_Visitor,True,False
2595,0,0.0,0,0.0,34,4190.75,0.021764706,0.074369748,0.0,0.0,May,2,2,8,6,Returning_Visitor,False,False
3290,0,0.0,0,0.0,8,463.0,0.0,0.025,0.0,0.0,May,2,2,3,2,Returning_Visitor,False,False
8916,3,142.5,0,0.0,48,1052.255952,0.004347826,0.013043478,0.0,0.0,Nov,1,8,6,11,Returning_Visitor,False,False
9524,3,36.25,1,10.0,35,2109.919048,0.018918919,0.027190827,23.8705054,0.0,Dec,3,2,3,1,Returning_Visitor,False,False
9846,0,0.0,2,157.5,35,5999.808333,0.005405405,0.027207207,0.0,0.0,Dec,2,2,4,1,Returning_Visitor,True,False
10421,2,144.5,0,0.0,7,416.5,0.044444444,0.031111111,0.0,0.0,Nov,3,2,3,8,Returning_Visitor,True,False
2974,10,261.5,4,406.0,60,3121.283333,0.002857143,0.010935374,13.71812571,0.4,May,3,2,3,6,Returning_Visitor,False,False
2720,1,16.0,0,0.0,7,136.0,0.0,0.00952381,0.0,0.0,May,2,10,3,2,Returning_Visitor,False,False
2568,7,135.5,2,30.0,129,4115.978571,0.001470588,0.011288515,2.273598775,0.0,May,2,2,1,2,Returning_Visitor,True,False
6409,0,0.0,0,0.0,7,211.6333333,0.0,0.0,28.80119616,0.0,Aug,1,1,1,5,New_Visitor,False,True
3682,3,71.0,3,246.0,39,1501.333333,0.0,0.009756098,0.0,0.0,May,3,2,1,2,Returning_Visitor,True,False
11602,1,12.0,1,11.0,74,6194.852381,0.015540541,0.032152607,0.0,0.0,Nov,2,2,9,13,Returning_Visitor,False,False
628,0,0.0,1,126.0,17,887.0666667,0.0125,0.0296875,0.0,0.0,Mar,2,2,1,2,Returning_Visitor,False,False
10836,0,0.0,0,0.0,3,120.5,0.0,0.066666667,0.0,0.0,Nov,2,2,3,1,Other,True,False
2805,0,0.0,0,0.0,16,544.8333333,0.004761905,0.042857143,0.0,0.0,May,1,1,3,2,Returning_Visitor,True,False
10360,10,506.3883929,1,5.0,58,2528.287431,0.001318681,0.005582418,5.552517289,0.0,Nov,3,2,3,10,Returning_Visitor,False,False
7888,2,108.8,0,0.0,15,542.0,0.0,0.029411765,0.0,0.0,Nov,2,2,1,3,Returning_Visitor,False,False
12086,0,0.0,0,0.0,6,60.25,0.033333333,0.066666667,0.0,0.0,Nov,2,2,7,3,Returning_Visitor,False,True
423,2,41.0,0,0.0,7,139.0,0.022222222,0.055555556,0.0,0.0,Mar,2,5,6,2,Returning_Visitor,True,False
2931,0,0.0,0,0.0,6,179.5,0.033333333,0.066666667,0.0,0.0,May,2,2,4,6,Returning_Visitor,True,False
8458,6,110.625,1,106.0,30,1508.521825,0.04,0.043294931,21.01746974,0.0,Nov,3,2,3,13,Returning_Visitor,False,False
7478,9,228.2,1,0.0,7,186.4,0.02,0.03,0.0,0.0,Nov,2,2,1,20,Returning_Visitor,False,False
7496,0,0.0,0,0.0,27,652.7,0.0,0.02962963,0.0,0.0,Jul,2,2,7,1,Returning_Visitor,True,False
8523,5,73.75,0,0.0,131,2244.616667,0.005343511,0.017506361,0.0,0.0,Nov,2,2,1,2,Returning_Visitor,False,False
9429,0,0.0,0,0.0,12,115.6666667,0.058333333,0.091666667,0.0,0.0,Nov,2,4,4,3,Returning_Visitor,False,True
9849,6,279.0,2,69.5,41,1430.25,0.0,0.009929078,3.836079931,0.0,Dec,2,2,2,7,Returning_Visitor,False,True
3241,0,0.0,0,0.0,6,161.0,0.0,0.066666667,0.0,0.2,May,2,2,1,4,Returning_Visitor,False,False
8399,1,18.0,0,0.0,29,765.3928571,0.0,0.000892857,0.0,0.0,Nov,2,2,8,3,New_Visitor,False,False
204,1,119.0,0,0.0,12,297.6666667,0.0,0.008333333,0.0,0.0,Mar,3,2,1,10,Returning_Visitor,False,False
3790,4,91.0,0,0.0,4,61.0,0.0,0.033333333,0.0,0.0,May,2,2,1,13,Returning_Visitor,False,False
4183,0,0.0,0,0.0,34,783.5666667,0.0,0.005882353,62.07882353,0.0,May,2,2,1,6,Returning_Visitor,True,True
5425,6,200.2222222,2,126.0,146,7253.676493,0.006570513,0.020305773,5.942025641,0.4,May,2,2,3,1,Returning_Visitor,False,False
826,2,208.0,1,50.0,30,1461.666667,0.0,0.02125,0.0,0.0,Mar,2,5,1,3,Returning_Visitor,False,False
4641,3,99.0,0,0.0,32,886.9583333,0.00625,0.0125,58.105625,0.0,May,1,1,3,4,Returning_Visitor,False,False
11358,3,98.5,1,21.25,46,1438.1,0.004255319,0.017801418,27.86366003,0.0,Dec,3,2,1,2,Returning_Visitor,True,False
7871,13,83.9952381,2,99.8,24,364.9619048,0.0,0.018181818,0.0,0.0,Nov,2,2,1,2,Returning_Visitor,False,False
12114,4,60.0,3,37.83333333,21,868.0166667,0.0,0.008,40.72562976,0.0,Dec,1,1,1,2,New_Visitor,False,True
10055,5,191.8333333,1,17.0,10,209.3333333,0.0,0.018181818,0.0,0.0,Dec,1,1,8,2,Returning_Visitor,False,False
5160,0,0.0,0,0.0,8,254.0,0.0,0.0375,0.0,0.4,May,2,2,4,13,Returning_Visitor,False,False
8403,0,0.0,0,0.0,36,1388.2,0.005555556,0.027777778,0.0,0.0,Nov,2,2,3,2,Returning_Visitor,True,False
1788,0,0.0,0,0.0,12,130.5,0.0,0.008333333,0.0,0.0,Mar,2,2,1,10,Returning_Visitor,False,False
8775,0,0.0,0,0.0,3,164.0,0.0,0.066666667,0.0,0.0,Nov,1,1,1,3,Returning_Visitor,True,False
3798,0,0.0,0,0.0,2,689.0,0.0,0.1,0.0,0.0,May,2,2,3,2,New_Visitor,False,False
8137,1,2.0,0,0.0,143,5149.434919,0.004195804,0.014489415,0.0,0.0,Nov,2,2,1,1,Returning_Visitor,True,False
1361,2,136.6666667,1,9.5,20,1572.571429,0.0,0.015873016,0.0,0.0,Mar,3,2,3,1,Returning_Visitor,False,False
1614,0,0.0,0,0.0,7,165.0,0.042857143,0.1,0.0,0.0,Mar,2,2,2,3,Returning_Visitor,False,False
5116,5,78.0,0,0.0,21,406.8,0.0,0.009937888,0.0,0.0,May,2,4,1,3,Returning_Visitor,False,False
10014,2,242.5,0,0.0,59,5004.229167,0.006779661,0.034387947,0.0,0.0,Dec,2,5,3,2,Returning_Visitor,True,False
11172,2,14.0,2,189.0,134,6732.124414,0.008018648,0.025030224,0.0,0.0,Nov,1,8,3,11,Returning_Visitor,False,False
7104,0,0.0,0,0.0,2,12.0,0.0,0.1,0.0,0.0,Aug,1,1,1,4,Returning_Visitor,True,False
4973,0,0.0,0,0.0,5,109.5,0.08,0.093333333,0.0,0.4,May,3,2,1,13,Returning_Visitor,False,False
6187,5,318.2666667,0,0.0,23,1037.833333,0.017857143,0.039285714,0.0,0.0,Aug,2,2,5,1,Returning_Visitor,False,False
1968,0,0.0,0,0.0,32,999.0,0.0,0.01344086,9.053081561,0.0,Mar,1,1,1,1,Returning_Visitor,False,True
690,0,0.0,0,0.0,4,30.5,0.0,0.05,0.0,0.0,Mar,2,4,3,3,Returning_Visitor,False,False
1117,3,80.42857143,0,0.0,61,5900.351378,0.0,0.007213115,0.0,0.0,Mar,3,2,3,10,Returning_Visitor,False,False
11941,3,17.0,0,0.0,62,1493.353846,0.00952381,0.04031746,0.0,0.0,Dec,2,2,1,2,Returning_Visitor,False,False
10514,2,67.5,0,0.0,10,268.0,0.0,0.018181818,59.51850423,0.0,Dec,2,2,1,2,New_Visitor,False,True
600,6,87.33333333,0,0.0,62,1470.853037,0.0,0.009683372,0.0,0.0,Mar,2,4,6,3,Returning_Visitor,True,False
7992,1,22.0,0,0.0,5,180.5,0.0,0.033333333,0.0,0.0,Dec,3,2,6,20,New_Visitor,False,False
11963,1,14.0,0,0.0,1,0.0,0.1,0.15,0.0,0.0,Nov,1,1,1,10,Returning_Visitor,False,False
10102,7,135.2,5,430.3333333,68,3974.534501,0.013513514,0.019008442,0.0,0.0,Nov,3,2,1,13,Returning_Visitor,True,False
4643,3,96.0,0,0.0,11,565.0,0.0,0.011111111,0.0,0.0,May,3,2,6,14,New_Visitor,True,False
8658,8,91.0,0,0.0,45,3007.6875,0.012765957,0.012907801,0.0,0.0,Dec,3,2,6,10,Returning_Visitor,False,False
7749,7,89.95,0,0.0,37,552.04,0.006976744,0.017829457,0.0,0.0,Aug,1,1,4,3,Returning_Visitor,False,False
2737,2,11.0,0,0.0,14,101.25,0.0,0.014285714,0.0,0.8,May,2,2,3,2,Returning_Visitor,False,False
172,0,0.0,0,0.0,3,55.0,0.066666667,0.1,0.0,0.6,Feb,1,1,1,3,Returning_Visitor,False,False
1292,0,0.0,0,0.0,11,419.75,0.0,0.006060606,0.0,0.0,Mar,2,2,6,1,Returning_Visitor,False,False
3537,4,69.0,0,0.0,20,1180.0,0.0,0.009090909,30.52636364,0.0,May,2,2,6,3,Returning_Visitor,False,True
1735,2,28.0,0,0.0,6,170.8333333,0.0,0.007142857,0.0,0.0,Mar,3,2,7,1,Returning_Visitor,False,False
1251,3,91.0,2,338.0,11,451.0,0.0,0.006666667,45.7504,0.0,Mar,2,2,1,10,New_Visitor,False,True
8914,0,0.0,0,0.0,1,0.0,0.2,0.2,0.0,0.0,Nov,4,1,1,3,Returning_Visitor,False,False
7909,0,0.0,0,0.0,62,3564.590227,0.021980198,0.052175571,0.0,0.0,Aug,3,2,4,2,Returning_Visitor,False,False
10166,0,0.0,0,0.0,1,0.0,0.2,0.2,0.0,0.0,Dec,1,1,2,3,Returning_Visitor,False,False
8099,0,0.0,0,0.0,20,1175.488095,0.0,0.021052632,0.0,0.0,Dec,3,2,3,13,Returning_Visitor,False,False
7889,3,70.6,0,0.0,11,93.5,0.1,0.107142857,0.0,0.0,Oct,1,1,1,3,Returning_Visitor,False,False
2531,0,0.0,0,0.0,13,392.0,0.0,0.026923077,0.0,0.6,May,3,2,1,13,Returning_Visitor,False,False
10501,0,0.0,0,0.0,1,0.0,0.2,0.2,0.0,0.0,Nov,2,5,1,1,Returning_Visitor,True,False
2654,0,0.0,0,0.0,1,0.0,0.2,0.2,0.0,0.8,May,3,2,1,2,Returning_Visitor,False,False
4271,0,0.0,1,41.0,21,459.6666667,0.0,0.00952381,18.27428571,0.0,May,2,2,1,4,Returning_Visitor,False,True
6156,4,234.3,0,0.0,2,11.1,0.0,0.04,0.0,0.0,Oct,1,1,8,5,New_Visitor,True,False
7111,0,0.0,0,0.0,54,2593.1,0.018181818,0.039393939,0.0,0.0,Aug,2,2,1,3,Returning_Visitor,False,False
8522,0,0.0,0,0.0,28,558.4761905,0.016666667,0.016309524,0.0,0.0,Nov,1,1,2,2,Returning_Visitor,False,False
3687,0,0.0,0,0.0,12,103.0,0.133333333,0.166666667,0.0,0.6,May,2,2,1,3,Returning_Visitor,False,False
5477,7,227.9,0,0.0,22,701.0166667,0.0,0.001666667,0.0,0.0,Oct,2,4,4,2,Returning_Visitor,False,False
12142,0,0.0,0,0.0,4,161.25,0.0,0.05,0.0,0.0,Nov,1,1,3,2,New_Visitor,True,False
5048,0,0.0,0,0.0,17,857.0,0.023529412,0.076470588,0.0,0.0,May,4,2,4,2,Returning_Visitor,False,False
9891,0,0.0,0,0.0,14,272.1666667,0.0,0.025,0.0,0.0,Dec,3,2,3,2,Returning_Visitor,False,False
11390,0,0.0,0,0.0,26,586.85,0.015384615,0.031868132,0.0,0.0,Dec,3,2,1,10,Returning_Visitor,False,False
4783,0,0.0,0,0.0,26,419.352381,0.007692308,0.037130178,0.0,0.8,May,2,4,3,2,Returning_Visitor,False,False
7256,3,36.2,0,0.0,16,166.7062706,0.0,0.014705882,0.0,0.0,Aug,2,2,6,5,New_Visitor,False,False
10384,9,137.3222222,1,418.5,41,1933.244444,0.006079027,0.021222361,0.0,0.0,Dec,2,2,1,2,Returning_Visitor,False,False
3354,0,0.0,0,0.0,8,56.33333333,0.0,0.0125,0.0,1.0,May,2,2,1,4,Returning_Visitor,True,False
9739,17,239.9288462,2,60.5,49,1929.185664,0.017486339,0.025063352,2.580028334,0.0,Dec,3,2,1,13,Returning_Visitor,False,False
6544,1,7.0,0,0.0,27,1739.575,0.038095238,0.06037037,0.0,0.0,Jul,2,2,7,1,Returning_Visitor,False,False
10885,3,105.0,1,0.0,286,9952.349817,0.004181185,0.015495489,0.0,0.0,Nov,2,2,1,2,Returning_Visitor,False,True
5382,0,0.0,0,0.0,8,429.0,0.0,0.05,0.0,0.0,May,2,2,1,2,Returning_Visitor,False,False
9861,0,0.0,0,0.0,5,73.0,0.12,0.16,0.0,0.0,Nov,2,2,2,3,Returning_Visitor,False,False
1042,1,123.0,0,0.0,7,181.5,0.0,0.025,64.7325,0.0,Mar,2,2,1,2,New_Visitor,True,True
5585,1,2.0,6,657.8333333,140,3252.200476,0.005479452,0.024292237,0.0,0.0,Jul,2,2,4,1,Returning_Visitor,False,False
9432,1,120.5,1,260.5,22,1148.166667,0.009090909,0.036363636,7.518979759,0.0,Nov,2,2,1,1,Returning_Visitor,True,True
8525,0,0.0,2,3.0,22,1904.183333,0.016666667,0.052777778,0.0,0.0,Nov,2,2,2,11,Returning_Visitor,False,False
8741,2,82.0,0,0.0,13,155.9833333,0.0,0.037777778,0.0,0.0,Dec,2,2,1,2,Returning_Visitor,False,False
4848,2,127.0,0,0.0,13,473.5,0.015384615,0.042307692,0.0,0.0,May,1,1,1,2,Returning_Visitor,False,False
4476,1,18.0,0,0.0,15,272.3333333,0.0,0.036666667,0.0,0.6,May,2,2,3,3,Returning_Visitor,False,False
5301,1,10.0,0,0.0,11,1066.0,0.02,0.04,0.0,0.0,May,2,2,1,2,Returning_Visitor,True,False
10247,5,64.9,0,0.0,21,1922.15,0.0,0.009333333,60.62885042,0.0,Nov,3,2,1,2,New_Visitor,False,True
10452,0,0.0,0,0.0,27,630.75,0.016,0.02,0.0,0.0,Nov,2,2,3,1,Returning_Visitor,True,False
10732,2,31.0,0,0.0,88,5321.441032,0.016853933,0.019314057,25.74700712,0.0,Nov,3,2,1,2,Returning_Visitor,False,True
8506,3,171.0,0,0.0,31,441.1369048,0.0,0.008823529,0.0,0.0,Dec,2,2,1,20,Returning_Visitor,False,False
12147,4,62.5,0,0.0,53,1840.369156,0.007407407,0.023148148,46.77831787,0.0,Dec,1,1,2,2,Returning_Visitor,False,True
11146,4,50.0,4,486.6666667,6,555.6666667,0.0,0.008333333,0.0,0.0,Dec,3,2,1,2,Returning_Visitor,False,False
10617,0,0.0,0,0.0,14,263.175,0.0,0.021428571,0.0,0.0,Nov,5,11,1,8,Returning_Visitor,False,False
7627,1,63.4,0,0.0,6,137.6,0.0,0.013333333,0.0,0.0,Oct,2,2,3,1,Returning_Visitor,False,False
2375,0,0.0,0,0.0,10,224.0,0.0,0.01,0.0,0.4,May,2,2,1,4,Returning_Visitor,False,False
5847,0,0.0,0,0.0,31,631.0857143,0.012903226,0.02078853,0.0,0.0,June,2,2,8,1,Returning_Visitor,False,False
4367,0,0.0,0,0.0,16,280.5,0.0,0.0125,0.0,0.0,May,4,1,1,3,Returning_Visitor,False,False
10889,3,555.5,0,0.0,58,2034.261905,0.00862069,0.035172414,0.0,0.0,Nov,2,2,1,1,Returning_Visitor,False,True
8749,1,138.5,0,0.0,21,831.0,0.0,0.01,0.0,0.0,Dec,2,12,4,2,Returning_Visitor,False,False
11006,1,19.0,0,0.0,43,1457.113095,0.023809524,0.04015873,0.0,0.0,Nov,3,6,1,2,Returning_Visitor,True,False
6011,6,130.5,2,439.2,78,5526.080123,0.0,0.010699588,0.838988251,0.0,Nov,2,2,9,1,Returning_Visitor,False,False
1544,2,18.0,0,0.0,30,474.5,0.0,0.003225806,0.0,0.0,Mar,1,1,3,2,Returning_Visitor,True,False
9625,0,0.0,0,0.0,17,2186.961538,0.01875,0.02422619,0.0,0.0,Dec,1,1,1,10,Returning_Visitor,False,False
1693,0,0.0,0,0.0,2,86.0,0.0,0.1,0.0,0.0,Mar,2,4,3,1,Returning_Visitor,True,False
6199,3,50.37333333,4,63.1,91,3827.498846,0.057801418,0.072399527,0.0,0.0,Sep,3,2,6,13,Returning_Visitor,False,False
11194,3,72.5,2,523.75,8,178.75,0.023076923,0.069230769,0.0,0.0,Nov,1,1,1,3,Returning_Visitor,False,False
8992,0,0.0,0,0.0,1,0.0,0.2,0.2,0.0,0.0,Dec,1,1,3,3,Returning_Visitor,False,False
8448,0,0.0,0,0.0,14,424.3333333,0.0,0.007142857,0.0,0.0,Dec,2,2,2,13,Returning_Visitor,False,False
6115,0,0.0,0,0.0,3,36.4,0.066666667,0.1,0.0,0.0,June,3,2,1,13,Returning_Visitor,False,False
5740,0,0.0,0,0.0,74,1268.266667,0.002702703,0.00954955,0.0,0.0,June,2,2,2,4,Returning_Visitor,False,False
9481,6,162.7,6,205.0,52,2983.358135,0.010112994,0.017261259,17.4767153,0.0,Nov,3,2,4,2,Returning_Visitor,False,False
7280,7,144.8,1,96.2,34,1374.630952,0.019973545,0.028024691,0.0,0.0,Jul,1,1,3,4,Returning_Visitor,False,False
3755,0,0.0,0,0.0,1,0.0,0.2,0.2,0.0,0.0,May,2,4,1,6,Returning_Visitor,False,False
9597,6,171.5,3,178.5,26,1565.958333,0.005882353,0.017647059,8.045767732,0.0,Nov,2,2,4,2,Returning_Visitor,False,True
8410,0,0.0,0,0.0,3,21.0,0.0,0.066666667,0.0,0.0,Nov,2,4,2,2,Returning_Visitor,True,True
6808,0,0.0,0,0.0,13,167.5,0.0,0.035897436,0.0,0.0,Jul,2,2,1,1,Returning_Visitor,False,False
7080,10,291.2357143,0,0.0,36,940.1044266,0.0,0.002845528,87.30695843,0.0,Aug,2,2,2,2,Returning_Visitor,False,True
6771,9,449.8166667,0,0.0,17,200.95,0.0,0.024603175,0.0,0.0,Sep,2,2,1,2,Returning_Visitor,False,False
6443,1,68.6,1,29.2,97,4318.668082,0.002520046,0.013784185,0.0,0.0,Jul,2,4,2,2,Returning_Visitor,True,False
3509,2,844.0,0,0.0,6,192.5,0.05,0.075,0.0,0.6,May,3,2,6,2,Returning_Visitor,False,False
3913,1,0.0,0,0.0,3,0.0,0.2,0.2,0.0,0.0,May,1,1,4,4,Returning_Visitor,True,False
4356,0,0.0,0,0.0,1,0.0,0.2,0.2,0.0,0.0,May,2,5,2,1,Returning_Visitor,False,False
2011,6,92.0,3,101.0,76,5186.116667,0.004878049,0.024837398,6.548011382,0.0,Mar,2,2,3,2,Returning_Visitor,False,False
6358,9,179.3785714,0,0.0,8,131.9785714,0.0,0.0025,0.0,0.0,Sep,2,2,1,5,New_Visitor,False,False
3407,15,168.429198,2,10.0,98,2806.829918,0.01314475,0.039029125,0.546128304,0.0,May,2,2,3,2,Returning_Visitor,True,False
4640,0,0.0,0,0.0,2,0.0,0.066666667,0.133333333,0.0,0.0,May,2,2,2,4,Returning_Visitor,True,False
134,6,111.5,0,0.0,26,449.0277778,0.0,0.018518519,0.0,0.6,Feb,1,1,3,3,Returning_Visitor,False,False
1654,3,14.5,2,907.8333333,28,804.2833333,0.014141414,0.044155844,7.945805543,0.0,Mar,2,5,9,2,Returning_Visitor,False,False
279,0,0.0,0,0.0,32,556.6,0.014583333,0.039583333,0.0,0.0,Mar,2,2,3,1,Returning_Visitor,False,False
8036,6,539.5,0,0.0,11,602.5833333,0.008888889,0.02,0.0,0.0,Dec,3,2,1,1,Returning_Visitor,False,False
5266,1,16.0,1,29.0,19,1083.690476,0.016,0.024884615,19.3154,0.0,May,3,2,1,2,Returning_Visitor,False,False
9897,0,0.0,1,0.0,26,668.5,0.0,0.007407407,0.0,0.0,Nov,2,2,3,1,Returning_Visitor,False,False
12310,1,5.0,0,0.0,21,411.0833333,0.015789474,0.016140351,0.0,0.0,Nov,3,2,7,3,Returning_Visitor,False,False
8379,2,95.0,0,0.0,20,1031.083333,0.0,0.021052632,68.20038032,0.0,Dec,2,2,1,10,Returning_Visitor,False,False
321,0,0.0,0,0.0,5,156.0,0.0,0.04,0.0,0.0,Mar,2,2,4,1,Returning_Visitor,False,False
5955,0,0.0,0,0.0,5,20.2,0.18,0.186666667,0.0,0.0,Aug,3,2,4,20,Returning_Visitor,False,False
4626,0,0.0,0,0.0,4,113.5,0.026666667,0.046666667,0.0,0.8,May,2,2,2,4,Returning_Visitor,False,False
6596,8,173.4115512,0,0.0,162,5721.800123,0.001142857,0.009090249,17.79812649,0.0,Oct,2,2,1,1,Returning_Visitor,False,False
2930,3,124.0,0,0.0,13,173.0,0.0,0.017777778,0.0,0.0,May,2,2,1,2,New_Visitor,False,False
8892,2,112.25,0,0.0,9,97.41666667,0.018181818,0.036363636,0.0,0.0,Dec,3,2,3,2,New_Visitor,False,False
4777,1,5.0,0,0.0,59,1261.166667,0.035380117,0.060877193,0.0,0.6,May,2,2,1,1,Returning_Visitor,False,False
4483,0,0.0,0,0.0,55,1165.623254,0.013207547,0.018742138,0.0,0.0,May,3,2,1,19,Returning_Visitor,False,False
506,2,8.0,0,0.0,11,543.5,0.007692308,0.038461538,0.0,0.0,Mar,2,2,3,13,Returning_Visitor,False,False
3533,3,25.57142857,1,0.0,15,2026.47619,0.011764706,0.07254902,0.0,0.0,May,4,1,1,1,Returning_Visitor,False,False
2898,0,0.0,0,0.0,7,368.5,0.0,0.057142857,0.0,0.0,May,2,2,1,2,Returning_Visitor,False,False
5384,0,0.0,0,0.0,27,444.1,0.0,0.016,0.0,0.6,May,2,2,4,3,Returning_Visitor,False,False
4715,0,0.0,0,0.0,16,973.5,0.025,0.045833333,0.0,0.0,May,2,2,1,1,Returning_Visitor,False,False
4959,0,0.0,0,0.0,63,1021.0,0.0265625,0.059895833,0.0,0.8,May,2,2,1,3,Returning_Visitor,False,False
535,2,22.5,0,0.0,28,686.3222222,0.0,0.001190476,0.0,0.0,Mar,2,4,3,1,Returning_Visitor,False,False
9819,0,0.0,0,0.0,1,0.0,0.2,0.2,0.0,0.0,Dec,1,1,6,2,Returning_Visitor,True,False
2107,1,7.0,0,0.0,151,2564.278157,0.00917226,0.0210895,0.0,0.6,May,1,1,1,15,Returning_Visitor,False,False
7832,2,292.2,0,0.0,19,1391.383333,0.0,0.02,18.84993357,0.0,Oct,3,2,1,2,New_Visitor,False,True
10237,0,0.0,0,0.0,17,559.75,0.011764706,0.019607843,0.0,0.0,Nov,1,1,3,3,Returning_Visitor,False,False
10470,0,0.0,0,0.0,8,158.25,0.0,0.003571429,0.0,0.0,Nov,1,8,4,11,Returning_Visitor,True,False
1143,0,0.0,0,0.0,1,0.0,0.2,0.2,0.0,0.0,Mar,1,1,3,1,Returning_Visitor,False,False
6009,4,206.25,0,0.0,16,572.65,0.0,0.011111111,10.17711218,0.0,Sep,3,2,1,4,Returning_Visitor,True,True
3111,0,0.0,0,0.0,31,516.4761905,0.006896552,0.018965517,0.0,0.0,May,3,2,3,13,Returning_Visitor,True,False
8582,6,94.1,0,0.0,92,4212.141886,0.008333333,0.021875,6.664927724,0.0,Nov,1,1,1,2,Returning_Visitor,True,True
11731,0,0.0,0,0.0,2,124.5,0.0,0.1,0.0,0.0,Dec,1,1,1,2,Returning_Visitor,False,False
823,0,0.0,0,0.0,7,141.8333333,0.064285714,0.15,0.0,0.0,Mar,2,2,1,1,Returning_Visitor,False,False
1873,5,28.0,0,0.0,6,80.0,0.0,0.028571429,0.0,0.0,Mar,2,4,3,1,Returning_Visitor,False,False
3381,0,0.0,0,0.0,14,1340.75,0.0,0.015384615,57.58892308,0.6,May,4,1,3,4,New_Visitor,False,True
2732,3,45.5,0,0.0,43,1738.25,0.006349206,0.03537415,0.0,0.0,May,2,5,7,3,Returning_Visitor,False,False
3058,0,0.0,0,0.0,13,231.5,0.015384615,0.046153846,0.0,0.0,May,1,1,3,4,Returning_Visitor,False,False
4716,4,75.0,0,0.0,16,252.0,0.0,0.004444444,0.0,0.0,May,2,2,4,4,New_Visitor,True,False
118,0,0.0,0,0.0,8,95.0,0.0,0.075,0.0,0.0,Feb,4,1,3,3,Returning_Visitor,False,False
8482,12,264.9,2,11.0,24,1032.3,0.020430108,0.036190476,0.0,0.0,Dec,1,1,9,1,Returning_Visitor,True,False
688,0,0.0,0,0.0,5,371.0,0.0,0.02,0.0,0.0,Mar,2,2,4,10,Returning_Visitor,False,False
12171,1,11.5,1,94.0,98,6212.779517,0.024162985,0.033991575,0.0,0.0,Nov,3,2,4,10,Returning_Visitor,True,False
3476,1,27.0,0,0.0,17,1723.0,0.0,0.003921569,0.0,0.0,May,2,5,9,4,New_Visitor,False,False
7770,3,49.4,0,0.0,176,6847.736667,0.003370787,0.011516854,20.44064077,0.0,Aug,2,4,9,4,Returning_Visitor,False,False
8105,0,0.0,0,0.0,8,493.75,0.0,0.05,0.0,0.0,Nov,2,2,4,20,Other,False,False
852,0,0.0,0,0.0,2,13.0,0.1,0.1,0.0,0.0,Mar,1,1,2,1,Returning_Visitor,True,False
10541,0,0.0,0,0.0,30,1726.75,0.0,0.015555556,0.0,0.0,Nov,2,4,3,2,New_Visitor,False,False
3962,0,0.0,0,0.0,12,404.0,0.0,0.033333333,0.0,0.0,May,2,4,6,1,Returning_Visitor,False,False
11985,0,0.0,0,0.0,8,764.6666667,0.025,0.04375,0.0,0.0,Nov,3,2,4,10,Returning_Visitor,False,False
810,7,301.7,6,336.5,42,1981.016667,0.005660377,0.021383648,13.00183962,0.0,Mar,1,1,2,2,Returning_Visitor,True,True
4618,0,0.0,0,0.0,47,1447.577273,0.0,0.011134752,0.0,0.6,May,2,2,3,3,Returning_Visitor,False,False
6941,13,428.0222222,2,11.0,133,10338.67177,0.00027604,0.017657266,22.97507587,0.0,June,2,2,1,4,Returning_Visitor,False,False
6993,1,26.2,1,6.0,28,677.5333333,0.0,0.019472789,0.0,0.0,Jul,1,1,6,1,Returning_Visitor,True,True
340,0,0.0,0,0.0,7,64.0,0.0,0.014285714,0.0,0.0,Mar,2,2,1,3,Returning_Visitor,False,False
8415,4,32.0,1,43.5,311,12500.35306,0.001387656,0.014687275,0.0,0.0,Nov,2,2,7,2,Returning_Visitor,False,False
3328,8,144.5,4,181.7222222,52,2826.790048,0.007258065,0.030060764,0.0,0.0,May,3,2,3,13,Returning_Visitor,True,False
4157,10,253.9,7,218.0,91,2869.788095,0.002,0.005452381,0.0,0.0,May,3,2,3,4,Returning_Visitor,False,False
3606,0,0.0,0,0.0,4,33.0,0.1,0.15,0.0,0.6,May,2,2,1,3,Returning_Visitor,False,False
5891,5,103.9,1,15.1,199,7959.909524,0.028594771,0.058447712,0.0,0.0,Aug,2,2,3,13,Returning_Visitor,False,False
10490,0,0.0,0,0.0,5,62.5,0.0,0.04,0.0,0.0,Nov,2,2,1,8,New_Visitor,False,False
9903,0,0.0,0,0.0,7,1803.666667,0.082142857,0.08,0.0,0.0,Dec,2,5,1,8,Returning_Visitor,True,False
781,0,0.0,0,0.0,7,203.5,0.0,0.033333333,0.0,0.0,Mar,1,1,1,9,New_Visitor,True,False
4545,3,17.0,0,0.0,13,174.0,0.015384615,0.038461538,0.0,0.2,May,2,2,3,3,Returning_Visitor,False,False
844,8,160.5,2,1467.0,26,721.0,0.0,0.031029186,0.0,0.0,Mar,2,2,1,1,Returning_Visitor,False,False
2303,1,35.0,0,0.0,13,233.1666667,0.0,0.016666667,0.0,0.0,May,1,1,5,4,Returning_Visitor,False,False
5808,2,40.9,0,0.0,9,437.4,0.018181818,0.027272727,0.0,0.0,Jul,3,2,1,5,Returning_Visitor,True,False
2002,0,0.0,0,0.0,4,126.5,0.016666667,0.091666667,0.0,0.0,Mar,2,5,3,2,Returning_Visitor,True,False
1023,0,0.0,0,0.0,2,0.0,0.2,0.2,0.0,0.0,Mar,1,1,1,1,Returning_Visitor,False,False
1189,0,0.0,0,0.0,7,251.6666667,0.028571429,0.011428571,0.0,0.0,Mar,3,2,1,6,Returning_Visitor,True,False
2137,0,0.0,0,0.0,36,851.3333333,0.010810811,0.032432432,0.0,0.2,May,4,1,1,4,Returning_Visitor,False,False
6480,1,4.0,0,0.0,28,877.6666667,0.0,0.003571429,0.0,0.0,Nov,2,2,9,2,New_Visitor,True,False
7519,2,22.8,0,0.0,81,1342.75,0.0,0.008860759,0.0,0.0,Sep,1,1,1,3,Returning_Visitor,False,True
11324,1,46.61111111,0,0.0,45,1873.589297,0.0,0.007242234,42.26791822,0.0,Dec,1,1,3,2,Returning_Visitor,False,False
4005,0,0.0,0,0.0,8,376.3333333,0.0,0.028571429,53.988,0.0,May,2,2,2,4,Returning_Visitor,True,True
7120,0,0.0,0,0.0,30,717.4666667,0.006666667,0.02,0.0,0.0,Jul,2,5,1,3,Returning_Visitor,False,False
10806,0,0.0,0,0.0,31,1297.464286,0.0,0.018010753,0.0,0.0,Nov,2,1,1,2,Returning_Visitor,True,False
1067,2,35.0,0,0.0,20,979.0833333,0.0,0.00952381,60.04549665,0.0,Mar,2,2,3,2,Returning_Visitor,False,True
5800,0,0.0,0,0.0,0,0.0,0.18,0.181818182,0.0,0.0,June,2,2,7,6,Returning_Visitor,False,False
8445,0,0.0,0,0.0,97,2300.891317,0.0,0.015730379,0.0,0.0,Nov,2,2,1,2,Returning_Visitor,False,False
3080,0,0.0,0,0.0,41,1444.166667,0.009756098,0.026829268,0.0,0.0,May,2,2,1,4,Returning_Visitor,False,False
8949,0,0.0,0,0.0,1,11.0,0.0,0.1,0.0,0.0,Dec,1,1,3,1,Returning_Visitor,False,False
3086,1,0.0,0,0.0,20,816.5,0.05,0.093333333,0.0,0.8,May,3,2,3,13,Returning_Visitor,False,False
9668,0,0.0,0,0.0,4,72.5,0.0,0.05,0.0,0.0,Dec,1,1,8,10,Returning_Visitor,False,False
12120,7,91.25,1,0.0,95,2900.791667,0.003960396,0.023267327,4.48567854,0.0,Nov,2,2,1,2,Returning_Visitor,True,True
10330,0,0.0,0,0.0,5,41.66666667,0.0,0.04,0.0,0.0,Dec,2,2,4,2,New_Visitor,False,False
3474,7,71.0,0,0.0,34,1540.75,0.004878049,0.024390244,0.0,0.0,May,2,2,8,3,Returning_Visitor,False,False
12036,7,381.75,0,0.0,69,2599.015278,0.011805556,0.034545686,5.560270538,0.0,Nov,1,1,1,2,Returning_Visitor,False,True
720,0,0.0,0,0.0,1,0.0,0.2,0.2,0.0,0.0,Mar,1,1,3,3,Returning_Visitor,False,False
5161,9,150.0,0,0.0,128,1799.144235,0.009237379,0.020182874,0.0,0.8,May,3,2,3,13,Returning_Visitor,False,False
1557,1,3.0,0,0.0,14,128.0,0.0,0.028571429,0.0,0.0,Mar,2,2,1,2,Returning_Visitor,False,False
9149,0,0.0,0,0.0,15,734.25,0.0,0.015384615,40.4014481,0.0,Dec,2,2,9,2,Returning_Visitor,False,True
2136,0,0.0,0,0.0,12,666.0,0.0,0.018181818,0.0,0.0,May,2,4,8,2,Returning_Visitor,False,False
10181,1,4.0,0,0.0,39,983.1388889,0.015384615,0.017599068,0.0,0.0,Nov,3,2,6,3,Returning_Visitor,False,False
7174,8,353.7,6,181.95,23,959.9,0.005882353,0.016666667,4.428052445,0.0,Nov,1,1,6,3,Returning_Visitor,True,True
5820,2,35.3,0,0.0,3,18.1,0.033333333,0.061111111,0.0,0.0,Jul,3,2,3,3,Returning_Visitor,True,True
3243,3,42.0,0,0.0,10,706.0,0.0,0.011111111,0.0,0.0,May,2,2,8,1,Returning_Visitor,True,False
8501,0,0.0,0,0.0,14,169.9166667,0.0,0.076190476,0.0,0.0,Nov,2,2,4,2,Returning_Visitor,False,True
3371,0,0.0,0,0.0,27,359.0,0.0,0.020512821,0.0,0.0,May,1,1,7,2,Returning_Visitor,True,False
5933,0,0.0,0,0.0,1,0.0,0.2,0.2,0.0,0.0,Sep,2,2,1,1,Returning_Visitor,True,False
3704,0,0.0,0,0.0,7,262.375,0.00952381,0.026984127,0.0,0.0,May,1,1,1,6,Returning_Visitor,False,False
5007,0,0.0,0,0.0,1,0.0,0.2,0.2,0.0,0.0,May,3,2,3,2,Returning_Visitor,True,False
3014,1,9.0,0,0.0,11,467.0,0.0,0.02,79.182,0.0,May,2,4,1,1,Returning_Visitor,False,True
1213,0,0.0,0,0.0,1,0.0,0.2,0.2,0.0,0.0,Mar,3,2,3,1,Returning_Visitor,False,False
11065,1,8.214285714,3,62.5,166,9666.857845,0.002380952,0.012980504,29.34770837,0.0,Nov,2,2,1,2,Returning_Visitor,False,True
1863,0,0.0,0,0.0,3,51.5,0.0,0.066666667,0.0,0.0,Mar,3,2,1,10,Returning_Visitor,True,False
1337,0,0.0,0,0.0,2,135.0,0.0,0.1,0.0,0.0,Mar,1,1,1,2,Returning_Visitor,False,False
3505,2,338.0,0,0.0,17,1205.566667,0.0125,0.0375,19.23625,0.8,May,3,2,2,2,Returning_Visitor,False,True
2097,0,0.0,0,0.0,1,0.0,0.2,0.2,0.0,0.0,May,1,1,1,3,Returning_Visitor,False,False
2082,0,0.0,0,0.0,6,136.5,0.0,0.033333333,0.0,0.0,Mar,3,3,1,2,Returning_Visitor,False,False
5025,0,0.0,0,0.0,9,368.5,0.0,0.008333333,0.0,0.0,May,2,2,4,1,Returning_Visitor,False,False
5235,5,52.5,0,0.0,7,415.5,0.0,0.016666667,0.0,0.0,May,2,2,1,4,New_Visitor,False,False
6784,0,0.0,0,0.0,8,32.2,0.125,0.15,0.0,0.0,June,1,1,1,3,Returning_Visitor,False,False
3048,0,0.0,0,0.0,1,0.0,0.2,0.2,0.0,0.0,May,2,10,3,4,Returning_Visitor,True,False
3342,2,108.0,0,0.0,8,316.5,0.033333333,0.040740741,0.0,0.0,May,3,2,3,11,Returning_Visitor,True,False
5393,4,132.6666667,0,0.0,25,773.5595238,0.0,0.027572016,5.167133333,0.0,May,3,2,2,2,Returning_Visitor,False,True
4091,0,0.0,0,0.0,2,10.0,0.0,0.1,0.0,0.0,May,1,1,1,3,Returning_Visitor,False,False
9644,2,56.0,0,0.0,33,1399.15,0.0,0.011290323,12.45078371,0.0,Nov,1,1,2,8,New_Visitor,True,True
1308,0,0.0,0,0.0,4,388.0,0.05,0.075,0.0,0.0,Mar,2,2,6,1,Returning_Visitor,False,False
7136,4,504.3,0,0.0,3,7.0,0.05,0.0625,0.0,0.0,Nov,3,2,3,3,Returning_Visitor,False,False
9277,3,92.75,2,7.0,23,1347.9625,0.008333333,0.020833333,32.4141704,0.0,Nov,2,2,6,2,Returning_Visitor,False,False
3487,1,28.0,0,0.0,19,362.0,0.0,0.005555556,0.0,0.0,May,2,2,7,5,Returning_Visitor,False,False
3196,3,108.5,0,0.0,2,74.66666667,0.0,0.016666667,0.0,0.8,May,3,2,3,2,Returning_Visitor,False,False
185,0,0.0,0,0.0,20,927.45,0.011111111,0.027248677,8.000740741,0.0,Mar,1,1,3,1,Returning_Visitor,False,False
6411,6,432.2,0,0.0,30,363.677619,0.003030303,0.014018978,12.1958841,0.0,Oct,1,1,3,2,Returning_Visitor,False,True
5756,8,133.35,2,383.8,14,552.48,0.005263158,0.016140351,20.33155364,0.0,Aug,1,1,1,6,Returning_Visitor,False,False
8998,0,0.0,0,0.0,11,124.2166667,0.0,0.075757576,0.0,0.0,Dec,1,1,3,1,Returning_Visitor,False,False
8083,0,0.0,0,0.0,3,61.75,0.0,0.066666667,0.0,0.0,Nov,2,10,1,3,Returning_Visitor,False,False
11273,0,0.0,0,0.0,26,875.1559524,0.0,0.001333333,40.42327574,0.0,Nov,2,2,7,2,Returning_Visitor,False,True
7424,15,292.88,1,48.35,130,3645.909048,0.001459854,0.008515815,10.41358118,0.0,Nov,2,4,8,2,Returning_Visitor,False,False
4989,0,0.0,0,0.0,3,31.0,0.066666667,0.133333333,0.0,0.0,May,2,2,4,3,Returning_Visitor,False,False
1768,0,0.0,0,0.0,24,727.5,0.0,0.016666667,0.0,0.0,Mar,2,2,3,1,Returning_Visitor,False,False
2843,0,0.0,0,0.0,1,0.0,0.2,0.2,0.0,0.0,May,3,2,7,1,Returning_Visitor,False,False
8339,3,65.0,0,0.0,29,386.2621212,0.0,0.000666667,0.0,0.0,Nov,8,2,9,2,Other,False,False
6232,0,0.0,0,0.0,4,6.0,0.1,0.15,0.0,0.0,June,2,2,2,4,Returning_Visitor,False,False
9645,1,3.5,0,0.0,49,663.5277778,0.0,0.005319149,0.0,0.0,Nov,2,2,3,2,Returning_Visitor,False,False
2242,5,43.4,0,0.0,32,3121.555556,0.009259259,0.036759259,26.5455,0.0,May,2,4,4,2,Returning_Visitor,False,False
2263,0,0.0,0,0.0,1,0.0,0.2,0.2,0.0,0.0,May,1,1,8,1,Returning_Visitor,False,False
4492,0,0.0,0,0.0,10,140.0,0.04,0.07,0.0,0.8,May,1,8,3,1,Returning_Visitor,False,False
7132,0,0.0,0,0.0,47,1153.54,0.003140097,0.039979296,0.0,0.0,Jul,1,1,6,2,Returning_Visitor,False,False
9864,0,0.0,0,0.0,1,0.0,0.2,0.2,0.0,0.0,Dec,2,2,3,1,Other,True,False
633,0,0.0,0,0.0,37,1643.435516,0.005555556,0.032271242,2.188718519,0.0,Mar,2,4,3,2,Returning_Visitor,True,True
4027,13,388.3,8,417.0,67,6483.775,0.00375,0.01725,24.27165,0.0,May,2,2,4,2,Returning_Visitor,False,False
3517,4,80.0,0,0.0,79,3855.2,0.012345679,0.028765432,0.0,0.6,May,3,2,3,4,Returning_Visitor,False,False
429,0,0.0,0,0.0,1,0.0,0.2,0.2,0.0,0.0,Mar,2,2,4,11,Returning_Visitor,False,False
2081,0,0.0,0,0.0,4,214.0,0.0,0.05,0.0,0.0,Mar,2,2,3,3,Returning_Visitor,False,False
4494,0,0.0,0,0.0,1,14.0,0.0,0.1,0.0,0.8,May,2,2,3,3,Returning_Visitor,False,False
7806,0,0.0,0,0.0,11,292.7,0.036363636,0.090909091,0.0,0.0,June,1,1,4,3,Returning_Visitor,True,False
1641,0,0.0,0,0.0,14,183.6666667,0.0,0.004761905,0.0,0.0,Mar,3,2,3,3,Returning_Visitor,False,False
12141,4,28.0,3,37.83333333,378,12003.31758,0.003655352,0.023352993,0.0,0.0,Nov,2,2,1,2,Returning_Visitor,False,False
11508,0,0.0,0,0.0,2,15.0,0.0,0.1,0.0,0.0,Dec,1,1,1,10,Returning_Visitor,False,False
4353,7,340.6111111,2,129.0,57,4516.588312,0.005,0.015180847,8.052616667,0.0,May,2,2,1,2,Returning_Visitor,False,False
4759,1,31.0,2,13.0,23,759.6666667,0.013043478,0.05,0.0,0.0,May,2,2,1,4,Returning_Visitor,False,False
6551,0,0.0,0,0.0,7,245.4,0.025,0.08125,3.27121463,0.0,Sep,3,7,3,4,Returning_Visitor,False,False
11547,0,0.0,0,0.0,9,148.3333333,0.066666667,0.088888889,0.0,0.0,Dec,2,2,3,2,Returning_Visitor,False,False
874,3,64.5,0,0.0,35,1334.551371,0.0,0.007309582,0.0,0.0,Mar,3,2,4,2,Returning_Visitor,True,False
6892,8,279.28,0,0.0,17,835.4180952,0.0,0.018571429,35.89140755,0.0,Aug,3,2,3,2,New_Visitor,False,True
12132,0,0.0,2,407.5,14,1043.15,0.05,0.08125,0.0,0.0,Nov,1,1,1,2,Returning_Visitor,True,False
7660,1,218.6,0,0.0,19,513.1622222,0.003333333,0.0075,0.0,0.0,Aug,3,2,1,2,Returning_Visitor,False,False
4781,4,88.62857143,0,0.0,39,659.9357143,0.0,0.0195595,0.0,0.0,May,2,2,3,1,Returning_Visitor,False,False
6300,3,80.6,0,0.0,37,936.4166667,0.0,0.005128205,0.0,0.0,Jul,1,1,4,2,Returning_Visitor,True,False
7419,6,93.3,0,0.0,70,2678.055238,0.0,0.005868545,0.0,0.0,Jul,2,2,1,2,Returning_Visitor,True,False
4923,2,47.66666667,0,0.0,83,3025.283333,0.0,0.006504065,28.94180488,0.2,May,2,2,7,3,Returning_Visitor,False,False
4842,0,0.0,0,0.0,29,1155.5,0.05862069,0.095402299,0.0,0.8,May,2,2,1,13,Returning_Visitor,False,False
4122,0,0.0,0,0.0,8,710.0,0.0,0.025,45.4895,0.8,May,1,1,6,4,Returning_Visitor,False,True
306,0,0.0,0,0.0,2,9.0,0.0,0.1,0.0,0.0,Mar,2,2,1,3,Returning_Visitor,True,False
9735,0,0.0,0,0.0,53,1768.657051,0.0,0.003921569,0.0,0.0,Nov,2,4,3,2,Returning_Visitor,False,False
12201,0,0.0,0,0.0,15,1134.455556,0.0,0.001333333,30.30681247,0.0,Dec,2,4,1,2,Returning_Visitor,False,True
282,13,1249.809524,4,205.0,36,1626.625433,0.010638298,0.026186255,6.831792392,0.0,Mar,3,2,2,3,Returning_Visitor,False,False
9184,0,0.0,0,0.0,11,496.0,0.018181818,0.063636364,0.0,0.0,Dec,3,12,2,3,Returning_Visitor,False,False
8175,4,63.875,1,0.0,43,1329.686508,0.015646259,0.036603499,0.0,0.0,Nov,3,2,1,2,Returning_Visitor,False,True
449,1,17.0,0,0.0,12,616.4,0.0,0.018181818,0.0,0.0,Mar,1,1,3,1,Returning_Visitor,True,False
9863,4,20.5,1,59.0,5,83.5,0.0,0.014814815,0.0,0.0,Dec,2,2,9,3,Returning_Visitor,False,False
5604,12,137.9,0,0.0,13,161.8666667,0.0,0.010526316,0.0,0.0,Aug,2,2,3,5,New_Visitor,True,False
3557,0,0.0,0,0.0,25,317.5,0.0125,0.031944444,0.0,0.0,May,2,2,5,6,Returning_Visitor,False,False
4585,6,281.3333333,3,108.0,14,562.6666667,0.0,0.011764706,0.0,0.6,May,1,1,1,2,New_Visitor,False,False
4272,9,216.75,0,0.0,44,1527.166667,0.012765957,0.032765957,0.0,0.0,May,2,2,8,6,Returning_Visitor,True,False
4609,4,103.0,0,0.0,31,831.6666667,0.03030303,0.042121212,0.0,0.0,May,3,2,6,13,Returning_Visitor,False,False
11439,3,258.0,2,34.625,25,1364.8125,0.029761905,0.035714286,3.18693501,0.0,Dec,1,1,3,10,Returning_Visitor,True,False
93,0,0.0,0,0.0,13,649.25,0.0,0.015384615,0.0,0.0,Feb,2,2,1,5,New_Visitor,False,False
1508,0,0.0,0,0.0,17,504.0,0.0,0.02125,33.32796813,0.0,Mar,2,2,3,1,Returning_Visitor,False,False
6080,3,79.22,2,297.8333333,62,1685.747985,0.0,0.013128205,0.0,0.0,Jul,2,2,3,2,Returning_Visitor,False,False
12290,0,0.0,0,0.0,20,1008.5,0.08,0.12,0.0,0.0,Dec,2,2,3,1,Returning_Visitor,True,False
3627,0,0.0,0,0.0,18,133.0,0.038888889,0.072222222,0.0,0.0,May,4,1,1,2,Returning_Visitor,True,False
8860,0,0.0,0,0.0,62,2787.678571,0.003225806,0.015591398,57.48364657,0.0,Nov,4,2,1,1,Returning_Visitor,True,False
2089,0,0.0,0,0.0,1,0.0,0.2,0.2,0.0,0.0,Mar,3,2,1,3,Returning_Visitor,True,False
4565,1,0.0,0,0.0,10,304.0,0.0,0.02,0.0,0.0,May,3,2,4,4,Returning_Visitor,True,False
6468,2,24.13333333,0,0.0,19,263.7128571,0.0,0.00125,0.0,0.0,Oct,3,2,1,2,Returning_Visitor,False,False
1570,3,79.75,0,0.0,3,73.5,0.04,0.077777778,0.0,0.0,Mar,3,2,1,2,Returning_Visitor,False,False
12272,6,133.4666667,0,0.0,44,2664.445833,0.002040816,0.010884354,97.86083623,0.0,Nov,2,2,1,3,Returning_Visitor,True,True
2404,0,0.0,0,0.0,10,196.5,0.044444444,0.066666667,0.0,0.6,May,2,2,1,3,Returning_Visitor,False,False
7367,0,0.0,0,0.0,1,27.2,0.0,0.0,58.37208988,0.0,Nov,2,2,4,20,Returning_Visitor,False,True
3233,2,15.0,0,0.0,33,2081.5,0.0,0.017142857,0.0,0.6,May,2,10,1,3,Returning_Visitor,False,False
12229,0,0.0,0,0.0,111,1624.75,0.013636364,0.025515152,0.0,0.0,Dec,2,2,1,2,Returning_Visitor,False,False
6431,0,0.0,0,0.0,17,557.4,0.0,0.011111111,83.93274289,0.0,Sep,2,2,2,2,New_Visitor,True,True
11737,0,0.0,0,0.0,87,4403.382777,0.002941176,0.011552302,0.0,0.0,Dec,2,2,6,2,Returning_Visitor,False,False
4055,0,0.0,0,0.0,19,522.0,0.021052632,0.034210526,0.0,0.0,May,2,2,7,2,Returning_Visitor,False,False
166,0,0.0,0,0.0,5,63.0,0.0,0.04,0.0,0.0,Feb,2,2,1,3,Returning_Visitor,False,False
10891,1,4.0,0,0.0,11,724.0,0.0,0.036363636,0.0,0.0,Nov,2,2,1,1,Returning_Visitor,False,False
5769,10,242.6333333,4,23.0,47,1534.815256,0.022807018,0.036908939,5.194081873,0.0,Sep,1,1,1,3,Returning_Visitor,False,False
8836,8,235.1861702,2,138.5,71,2512.51742,0.006349206,0.025572609,0.0,0.0,Nov,3,2,1,2,Returning_Visitor,True,True
8946,0,0.0,0,0.0,84,2197.780952,0.01031746,0.014779942,0.0,0.0,Nov,1,1,3,2,Returning_Visitor,False,True
5920,0,0.0,0,0.0,19,281.4333333,0.038596491,0.082807018,0.0,0.0,June,2,2,3,4,Returning_Visitor,False,False
6911,7,257.4,0,0.0,7,244.7333333,0.018181818,0.018181818,0.0,0.0,Nov,1,1,4,2,New_Visitor,False,False
8748,0,0.0,0,0.0,4,46.75,0.0,0.05,0.0,0.0,Nov,1,1,3,3,Returning_Visitor,False,False
3117,2,37.0,0,0.0,28,2778.333333,0.007142857,0.023809524,5.569285714,0.0,May,2,2,2,11,Returning_Visitor,True,False
508,1,0.0,1,60.0,43,1131.808333,0.028787879,0.047348485,0.0,0.0,Mar,1,1,1,3,Returning_Visitor,False,False
11639,3,91.5,4,333.8333333,132,3041.676452,0.011764706,0.030932814,0.0,0.0,Nov,2,2,1,2,Returning_Visitor,False,True
5147,0,0.0,0,0.0,1,0.0,0.2,0.2,0.0,1.0,May,3,2,7,6,Returning_Visitor,True,False
3460,5,133.0,0,0.0,16,324.5,0.0,0.031481481,0.0,0.0,May,3,2,8,4,Returning_Visitor,False,False
12203,0,0.0,0,0.0,10,902.6666667,0.0,0.03,0.0,0.0,Nov,2,2,3,20,Returning_Visitor,True,False
5678,2,8.0,2,90.2,13,1286.050476,0.0125,0.019886364,0.0,0.0,Aug,2,2,3,2,Returning_Visitor,False,False
4624,0,0.0,0,0.0,20,1815.279762,0.012280702,0.029239766,0.0,0.6,May,1,2,1,2,Returning_Visitor,False,False
8007,0,0.0,0,0.0,10,351.75,0.033333333,0.05,0.0,0.0,Dec,2,2,4,1,Returning_Visitor,True,False
562,0,0.0,0,0.0,3,10.0,0.0,0.066666667,0.0,0.0,Mar,2,2,7,1,Returning_Visitor,False,False
1480,0,0.0,0,0.0,7,451.8333333,0.028571429,0.076190476,0.0,0.0,Mar,3,2,1,3,Returning_Visitor,True,False
8498,3,98.5,0,0.0,27,702.3333333,0.023214286,0.042261905,0.0,0.0,Dec,2,2,7,2,Returning_Visitor,False,False
5587,1,5.0,0,0.0,41,764.1333333,0.0,0.014444444,0.0,0.0,June,2,2,1,4,Returning_Visitor,False,False
2135,0,0.0,0,0.0,5,252.5,0.0,0.02,0.0,0.0,May,2,2,2,2,Returning_Visitor,False,False
7708,2,630.5333333,0,0.0,33,357.8895238,0.0,0.007894737,0.0,0.0,Oct,3,2,7,4,Returning_Visitor,False,False
5680,0,0.0,0,0.0,9,140.2,0.0,0.044444444,0.0,0.0,Sep,2,2,9,2,New_Visitor,True,False
8417,9,156.6071429,5,156.75,83,2694.507143,0.0,0.009090909,0.0,0.0,Nov,2,4,1,2,Returning_Visitor,False,True
8322,0,0.0,0,0.0,5,111.0,0.0,0.04,0.0,0.0,Nov,2,2,1,2,New_Visitor,False,False
3364,5,99.16666667,1,27.0,33,483.2666667,0.002777778,0.009126984,0.0,0.6,May,8,5,1,2,Returning_Visitor,False,False
8386,1,28.25,0,0.0,30,1862.333333,0.0,0.026436782,0.0,0.0,Nov,3,2,1,13,Returning_Visitor,False,False
8089,0,0.0,0,0.0,18,1093.083333,0.011111111,0.011481481,0.0,0.0,Nov,3,2,3,1,Returning_Visitor,False,False
10861,0,0.0,0,0.0,46,797.8333333,0.0,0.02384058,0.0,0.0,Nov,2,2,3,1,Returning_Visitor,False,False
1305,0,0.0,0,0.0,5,210.0,0.12,0.16,0.0,0.0,Mar,1,10,1,1,Returning_Visitor,False,False
6472,0,0.0,0,0.0,8,272.9,0.05,0.075,0.0,0.0,Oct,1,1,1,1,New_Visitor,False,False
10213,0,0.0,0,0.0,12,292.875,0.0,0.028333333,0.0,0.0,Nov,4,2,3,2,Returning_Visitor,True,False
6058,3,102.6,0,0.0,35,871.8333333,0.0,0.002631579,0.0,0.0,Oct,1,1,1,2,New_Visitor,True,False
4279,2,115.0,5,151.6666667,21,2080.75,0.011904762,0.045192308,20.37964966,0.0,May,1,1,1,2,Returning_Visitor,False,False
10189,5,61.0125,0,0.0,51,1141.066667,0.003571429,0.011093074,0.0,0.0,Dec,2,2,6,2,New_Visitor,False,False
2902,5,102.0676923,2,16.0,142,6223.870847,0.0,0.006649462,15.47720763,0.0,May,2,2,3,2,Returning_Visitor,True,True
10439,0,0.0,0,0.0,7,284.5,0.0,0.028571429,128.4686939,0.0,Dec,2,2,4,10,Returning_Visitor,False,True
4772,0,0.0,0,0.0,6,134.0,0.066666667,0.094444444,0.0,0.0,May,1,1,1,3,Returning_Visitor,False,False
11357,0,0.0,0,0.0,1,487.0,0.0,0.1,0.0,0.0,Nov,1,1,4,10,Returning_Visitor,True,False
9663,0,0.0,0,0.0,25,948.3428571,0.0,0.009,0.0,0.0,Nov,2,4,1,3,Returning_Visitor,False,False
11477,7,360.75,0,0.0,264,10497.15443,0.00295026,0.012825542,8.833510027,0.0,Nov,2,2,3,2,Returning_Visitor,False,False
49,0,0.0,0,0.0,1,0.0,0.2,0.2,0.0,0.6,Feb,2,2,3,2,Returning_Visitor,False,False
8629,15,677.1911765,0,0.0,152,3561.130212,0.0,0.008686559,5.731607803,0.0,Dec,2,2,6,1,Returning_Visitor,False,True
9527,2,4.0,5,161.5,64,3757.079762,0.012254902,0.022009804,18.88360212,0.0,Nov,1,2,6,2,Returning_Visitor,False,False
3827,0,0.0,0,0.0,16,190.75,0.0,0.01875,0.0,0.0,May,2,2,1,4,Returning_Visitor,False,False
10180,4,934.5,1,92.0,18,937.7166667,0.0,0.005555556,0.0,0.0,Dec,1,1,6,2,New_Visitor,False,False
10352,5,68.0,2,9.0,32,1195.583333,0.01981982,0.036486486,32.0201901,0.0,Nov,2,5,3,2,Returning_Visitor,False,True
4365,0,0.0,0,0.0,1,0.0,0.2,0.2,0.0,0.0,May,3,3,1,1,Returning_Visitor,False,False
7643,4,94.23333333,2,72.0,145,2935.255477,0.001360544,0.005708347,0.26809298,0.0,Aug,2,2,2,1,Returning_Visitor,False,False
10112,0,0.0,0,0.0,2,22.0,0.0,0.1,0.0,0.0,Dec,2,2,3,1,Returning_Visitor,False,False
6,0,0.0,0,0.0,1,0.0,0.2,0.2,0.0,0.4,Feb,2,4,3,3,Returning_Visitor,False,False
2887,6,162.1071429,0,0.0,31,1269.766667,0.012121212,0.021212121,29.77472727,0.0,May,2,5,1,2,New_Visitor,True,False
8166,0,0.0,0,0.0,1,0.0,0.2,0.2,0.0,0.0,Nov,2,2,1,1,Returning_Visitor,False,False
7535,4,66.76,0,0.0,10,267.9,0.0,0.002777778,0.0,0.0,Aug,2,2,7,2,New_Visitor,False,False
6791,13,246.5333333,0,0.0,26,892.0,0.0,0.01127451,0.0,0.0,Sep,2,6,1,3,Returning_Visitor,False,False
4714,1,19.33333333,1,104.0,42,2724.008983,0.0065,0.021312784,0.0,0.4,May,3,2,3,5,Returning_Visitor,False,False
4956,0,0.0,0,0.0,3,23.0,0.066666667,0.1,0.0,0.6,May,3,2,1,3,Returning_Visitor,False,False
8922,0,0.0,0,0.0,3,578.0,0.0,0.066666667,0.0,0.0,Nov,1,1,1,1,Returning_Visitor,False,False
1872,1,40.0,0,0.0,15,839.5,0.01875,0.054166667,0.0,0.0,Mar,2,2,4,1,Returning_Visitor,False,False
9952,1,64.5,0,0.0,32,1443.641667,0.0,0.010784314,111.2629939,0.0,Nov,2,2,1,2,Returning_Visitor,True,True
11545,8,121.425,3,273.5,100,2565.797222,0.001869159,0.012071651,0.0,0.0,Nov,2,2,7,13,Returning_Visitor,True,False
3436,0,0.0,0,0.0,4,112.5,0.0,0.05,0.0,0.0,May,3,2,1,6,Returning_Visitor,False,False
8981,0,0.0,0,0.0,3,30.0,0.0,0.033333333,0.0,0.0,Dec,1,1,3,1,Returning_Visitor,False,False
7898,5,93.4,0,0.0,38,689.65,0.0,0.004878049,34.48748308,0.0,Oct,2,2,2,2,New_Visitor,True,True
680,0,0.0,0,0.0,8,128.5,0.0,0.025,0.0,0.0,Mar,2,2,1,1,Returning_Visitor,False,False
9804,1,60.5,0,0.0,21,320.9833333,0.0,0.01,0.0,0.0,Nov,2,5,1,2,Returning_Visitor,False,False
11034,10,236.0795455,2,5.0,107,2589.881537,0.010601564,0.019627539,0.0,0.0,Dec,3,2,4,2,Returning_Visitor,False,False
4869,4,46.4,0,0.0,128,5287.233333,0.0171875,0.034482887,14.984875,0.4,May,2,2,3,13,Returning_Visitor,False,False
5413,9,184.0,5,61.0,68,1986.251515,0.0,0.009553204,17.19611523,0.0,May,2,6,2,3,Returning_Visitor,False,False
9843,1,2.0,0,0.0,61,1335.737854,0.0,0.002,20.15710234,0.0,Nov,4,4,1,2,Returning_Visitor,True,True
1444,0,0.0,3,100.0,22,2175.993651,0.01,0.049312469,0.0,0.0,Mar,2,2,3,1,Returning_Visitor,False,False
9398,3,22.0,0,0.0,152,4251.74125,0.003947368,0.009780702,0.0,0.0,Nov,2,2,1,10,Returning_Visitor,False,True
8110,4,141.5,0,0.0,3,59.5,0.0,0.025,0.0,0.0,Dec,1,1,2,8,New_Visitor,False,False
10834,0,0.0,0,0.0,47,3650.316667,0.0,0.003333333,97.19657367,0.0,Nov,2,2,1,10,Returning_Visitor,False,True
11991,1,47.5,0,0.0,123,3944.384921,0.00516129,0.017112135,3.303059969,0.0,Nov,2,2,1,2,Returning_Visitor,False,False
684,0,0.0,0,0.0,6,84.0,0.0,0.033333333,0.0,0.0,Mar,1,1,8,3,Returning_Visitor,False,False
4719,0,0.0,1,5.0,66,2537.45,0.003956044,0.022177156,0.0,0.4,May,2,6,1,4,Returning_Visitor,False,False
475,1,77.0,0,0.0,9,312.0,0.0,0.044444444,0.0,0.0,Mar,1,1,3,3,New_Visitor,True,False
4510,0,0.0,1,21.0,15,498.5,0.0,0.026666667,32.1908,0.0,May,2,4,1,2,Returning_Visitor,False,True
5138,0,0.0,0,0.0,1,0.0,0.2,0.2,0.0,0.0,May,3,2,3,13,Returning_Visitor,False,False
1455,0,0.0,0,0.0,3,183.0,0.0,0.066666667,0.0,0.0,Mar,1,1,1,1,Returning_Visitor,True,False
7509,3,167.0,0,0.0,42,1246.12,0.0,0.008888889,0.0,0.0,Aug,2,4,1,3,Returning_Visitor,False,False
188,9,111.5,1,48.5,49,1868.819697,0.0,0.020708874,1.706014966,0.0,Mar,2,2,7,2,Returning_Visitor,False,True
4280,3,17.0,0,0.0,18,407.5,0.0,0.02,0.0,0.0,May,2,2,6,5,Returning_Visitor,True,False
6839,0,0.0,0,0.0,10,1186.6,0.02,0.08,0.0,0.0,Aug,2,5,1,3,Returning_Visitor,False,False
8478,2,101.75,0,0.0,9,561.25,0.022222222,0.033333333,26.38074656,0.0,Dec,3,2,1,1,Returning_Visitor,False,False
12046,0,0.0,0,0.0,4,58.5,0.0,0.066666667,0.0,0.0,Dec,3,2,8,13,Returning_Visitor,False,False
4952,7,170.8333333,1,39.0,4,45.33333333,0.0,0.011111111,0.0,0.0,May,3,2,1,2,Returning_Visitor,False,False
11971,3,126.5,0,0.0,36,576.8571429,0.005555556,0.01087963,0.0,0.0,Dec,1,1,4,3,Returning_Visitor,False,False
9046,0,0.0,0,0.0,2,0.0,0.2,0.2,0.0,0.0,Nov,3,2,9,3,Returning_Visitor,False,False
995,1,10.0,0,0.0,39,1152.5,0.011965812,0.017802198,0.0,0.0,Mar,3,2,1,3,Returning_Visitor,False,False
1229,2,12.0,0,0.0,43,2595.280952,0.009090909,0.025378788,0.0,0.0,Mar,2,4,7,1,Returning_Visitor,False,False
8650,0,0.0,0,0.0,2,53.5,0.05,0.15,0.0,0.0,Dec,3,3,5,20,Returning_Visitor,False,False
2190,0,0.0,1,0.0,124,4093.430519,0.005816216,0.043499683,0.0,0.0,May,2,2,8,13,Returning_Visitor,False,False
8392,1,0.0,2,6.5,63,5826.333333,0.000793651,0.026719577,0.0,0.0,Nov,3,2,1,3,Returning_Visitor,True,False
8703,0,0.0,2,0.0,99,2622.600281,0.022,0.028519936,0.0,0.0,Nov,3,2,2,13,Returning_Visitor,False,True
267,0,0.0,0,0.0,5,74.0,0.0,0.04,0.0,0.0,Mar,2,2,1,10,Returning_Visitor,False,False
4350,1,21.0,0,0.0,13,190.0,0.0,0.015384615,0.0,0.0,May,2,2,1,1,Returning_Visitor,True,False
2118,1,22.75,0,0.0,16,461.0833333,0.0,0.011458333,17.991,0.0,May,2,2,1,4,Returning_Visitor,False,False
8870,10,163.6333333,1,294.0,80,1979.3,0.002325581,0.024224806,19.73335395,0.0,Nov,2,1,2,2,Returning_Visitor,True,True
828,5,193.0,1,13.0,66,2049.458471,0.004489796,0.012765306,29.45815149,0.0,Mar,3,2,3,1,Returning_Visitor,True,False
1764,0,0.0,0,0.0,20,1606.333333,0.01,0.034761905,0.0,0.0,Mar,2,2,2,1,Returning_Visitor,False,False
10285,1,10.0,0,0.0,32,1277.75,0.0,0.006060606,78.12165404,0.0,Dec,8,13,9,20,Other,False,True
10182,0,0.0,2,1368.0,26,650.8083333,0.0,0.014285714,0.0,0.0,Nov,1,1,1,2,Returning_Visitor,True,True
7083,0,0.0,0,0.0,2,47.4,0.0,0.066666667,26.85210163,0.0,Oct,3,2,7,4,Returning_Visitor,False,True
10772,7,52.875,0,0.0,9,152.4166667,0.0,0.017777778,0.0,0.0,Dec,2,2,4,2,New_Visitor,False,False
3510,3,73.5,3,171.0,76,2208.788095,0.0,0.004756098,3.200304878,0.0,May,4,1,7,2,Returning_Visitor,True,False
8723,2,46.5,1,64.5,91,3309.448776,0.013285024,0.020476218,0.0,0.0,Nov,3,2,1,13,Returning_Visitor,True,True
8973,0,0.0,0,0.0,21,371.0,0.0,0.00952381,0.0,0.0,Nov,2,2,1,13,Returning_Visitor,False,False
9021,1,4.0,0,0.0,48,1199.160606,0.0,0.00070922,0.0,0.0,Dec,2,2,1,2,New_Visitor,False,False
3710,0,0.0,0,0.0,19,1651.928571,0.024561404,0.066233766,0.0,1.0,May,2,10,1,1,Returning_Visitor,True,False
2003,0,0.0,0,0.0,8,100.0,0.0,0.025,0.0,0.0,Mar,1,1,7,1,Returning_Visitor,False,False
10797,0,0.0,0,0.0,21,517.5416667,0.0,0.010526316,16.1585582,0.0,Nov,1,1,3,8,Returning_Visitor,False,True
10131,7,109.0416667,0,0.0,35,1136.083333,0.0,0.013157895,46.21605051,0.0,Nov,3,2,3,3,Returning_Visitor,False,True
7288,0,0.0,0,0.0,1,0.0,0.2,0.2,0.0,0.0,Jul,2,2,4,13,Returning_Visitor,False,False
4508,1,37.0,0,0.0,10,240.4166667,0.018181818,0.022727273,0.0,0.0,May,2,2,3,3,New_Visitor,True,False
64,0,0.0,0,0.0,1,0.0,0.2,0.2,0.0,0.0,Feb,2,2,4,3,Returning_Visitor,False,False
10747,0,0.0,0,0.0,27,1166.683333,0.014074074,0.026492375,0.0,0.0,Nov,3,2,7,3,Returning_Visitor,False,False
1119,0,0.0,0,0.0,1,0.0,0.2,0.2,0.0,0.0,Mar,2,2,1,1,Returning_Visitor,False,False
4897,6,595.1,3,1439.0,19,1119.716667,0.0,0.016666667,0.0,0.0,May,1,1,8,2,Returning_Visitor,False,False
2295,0,0.0,0,0.0,2,44.0,0.0,0.1,0.0,0.0,May,1,1,8,1,Returning_Visitor,False,False
2326,0,0.0,0,0.0,22,1443.25,0.063636364,0.109090909,0.0,0.8,May,2,2,1,13,Returning_Visitor,False,False
4099,1,6.0,0,0.0,29,354.8333333,0.0,0.010344828,0.0,0.0,May,1,1,1,1,Returning_Visitor,True,False
5483,3,33.2,0,0.0,10,278.4333333,0.007142857,0.026190476,32.70034468,0.0,Jul,2,2,6,1,Returning_Visitor,False,True
3398,11,336.5,0,0.0,40,1239.949603,0.025,0.026035354,6.1287875,0.0,May,2,2,5,3,Returning_Visitor,True,True
177,1,0.0,0,0.0,21,405.7095238,0.010743802,0.047002635,0.0,0.0,Feb,1,1,1,4,Returning_Visitor,False,False
1880,4,62.5,1,64.0,56,1246.919048,0.003333333,0.005367521,0.0,0.0,Mar,3,2,1,3,Returning_Visitor,False,False
645,0,0.0,0,0.0,15,695.4,0.014285714,0.028571429,0.0,0.0,Mar,2,2,2,1,Returning_Visitor,False,False
2717,5,95.325,0,0.0,15,743.6666667,0.01,0.03,19.4281,0.0,May,2,2,1,2,Returning_Visitor,False,True
4512,0,0.0,0,0.0,15,75.0,0.08,0.12,0.0,0.6,May,2,2,6,2,Returning_Visitor,False,False
5158,2,79.5,2,241.0,4,43.5,0.05,0.0625,0.0,0.6,May,1,1,8,2,Returning_Visitor,False,False
1377,5,89.75,0,0.0,16,467.9166667,0.011111111,0.016666667,0.0,0.0,Mar,3,2,4,2,Returning_Visitor,True,False
5078,0,0.0,0,0.0,39,1183.5,0.012820513,0.033333333,0.0,0.0,May,2,2,7,1,Returning_Visitor,False,False
9493,1,25.5,0,0.0,43,914.2294372,0.013636364,0.025762987,0.0,0.0,Nov,1,1,1,1,Returning_Visitor,False,False
2256,5,587.0,0,0.0,125,4639.410534,0.012433862,0.023856765,0.0,0.6,May,3,2,1,4,Returning_Visitor,False,False
10703,3,38.0,0,0.0,12,279.0833333,0.0,0.038461538,0.0,0.0,Nov,1,1,8,2,Returning_Visitor,False,False
965,1,54.5,0,0.0,68,3135.517677,0.003361345,0.01146836,4.095288919,0.0,Mar,1,1,2,1,Returning_Visitor,False,False
4361,0,0.0,0,0.0,16,351.75,0.008888889,0.023492063,0.0,0.0,May,3,2,7,4,Returning_Visitor,False,False
9213,4,226.0,0,0.0,81,4836.486905,0.002380952,0.010714286,5.312300227,0.0,Nov,2,2,1,2,Returning_Visitor,False,True
10868,0,0.0,0,0.0,1,0.0,0.2,0.2,0.0,0.0,Dec,2,4,3,1,Returning_Visitor,False,False
10365,3,474.6666667,1,30.5,86,1789.954762,0.002298851,0.012426564,5.523782302,0.0,Dec,2,6,1,2,Returning_Visitor,False,False
12095,8,889.1666667,0,0.0,137,5588.185426,0.000729167,0.026320008,6.898232461,0.0,Nov,2,2,1,3,Returning_Visitor,False,True
6329,2,42.4,0,0.0,5,163.2,0.0,0.028571429,20.71678117,0.0,Aug,2,10,3,3,Returning_Visitor,False,True
6718,0,0.0,0,0.0,1,0.0,0.2,0.2,0.0,0.0,Aug,2,5,7,1,Returning_Visitor,False,False
37,2,18.0,0,0.0,5,298.0,0.0,0.028571429,0.0,0.8,Feb,2,2,8,4,Returning_Visitor,False,False
4561,0,0.0,3,70.0,7,110.0,0.04,0.07,0.0,0.0,May,1,1,2,3,Returning_Visitor,False,False
11775,0,0.0,0,0.0,9,38.75,0.12,0.120833333,0.0,0.0,Nov,3,2,1,13,Returning_Visitor,False,False
8144,3,29.75,0,0.0,12,398.9803922,0.0,0.005555556,50.51764193,0.0,Nov,2,2,2,2,New_Visitor,False,True
5396,4,250.0,0,0.0,11,418.0,0.0,0.014285714,0.0,0.0,May,2,2,1,2,New_Visitor,False,False
9984,0,0.0,0,0.0,5,77.5,0.1,0.08,0.0,0.0,Nov,3,2,4,11,Returning_Visitor,True,False
2520,0,0.0,0,0.0,1,0.0,0.2,0.2,0.0,0.0,May,3,2,3,3,Returning_Visitor,False,False
1185,6,52.0,1,24.0,56,3763.166667,0.003389831,0.01480226,10.37042373,0.0,Mar,2,2,1,1,Returning_Visitor,False,True
3579,0,0.0,0,0.0,9,127.5,0.0,0.022222222,0.0,0.0,May,2,7,2,11,Returning_Visitor,False,False
10274,6,446.2380952,3,94.0,23,866.7071429,0.007142857,0.020522573,6.786958937,0.0,Nov,3,2,1,2,Returning_Visitor,True,False
9910,0,0.0,0,0.0,8,719.2,0.058333333,0.067708333,0.0,0.0,Nov,3,2,3,13,Returning_Visitor,False,False
1166,2,107.0,0,0.0,3,56.0,0.0,0.04,0.0,0.0,Mar,1,1,3,2,New_Visitor,False,False
425,0,0.0,0,0.0,5,288.5,0.0,0.0125,0.0,0.0,Mar,2,2,1,2,Returning_Visitor,True,False
397,1,13.5,1,28.0,88,1759.275703,0.004545455,0.020644542,0.0,0.0,Mar,2,2,1,2,Returning_Visitor,False,False
3433,0,0.0,0,0.0,13,646.7916667,0.005128205,0.054358974,0.0,0.8,May,1,1,2,1,Returning_Visitor,False,False
11791,0,0.0,0,0.0,11,153.75,0.036363636,0.072727273,0.0,0.0,Nov,3,2,2,1,Returning_Visitor,False,False
7095,0,0.0,0,0.0,17,1338.8,0.058823529,0.094117647,0.0,0.0,Aug,2,2,3,13,Returning_Visitor,False,False
10327,4,793.5,0,0.0,61,2440.473611,0.00625,0.014867424,12.58179402,0.0,Nov,3,2,9,2,Returning_Visitor,True,False
4150,7,84.66666667,2,60.0,110,5343.049577,0.00877193,0.029643028,0.0,0.8,May,1,1,1,2,Returning_Visitor,False,False
4600,0,0.0,0,0.0,13,222.5,0.0,0.007692308,0.0,0.0,May,2,2,7,2,Returning_Visitor,False,False
9462,2,109.0,0,0.0,9,652.5,0.0,0.036363636,0.0,0.0,Dec,2,2,3,2,Returning_Visitor,False,False
6904,4,102.2,0,0.0,10,226.4,0.015384615,0.076923077,0.0,0.0,Oct,3,2,1,13,Returning_Visitor,False,False
382,1,17.0,0,0.0,22,399.8,0.019047619,0.038095238,0.0,0.0,Mar,1,5,7,1,Returning_Visitor,False,False
4103,0,0.0,0,0.0,17,582.4,0.066666667,0.071111111,0.0,0.2,May,3,2,4,13,Returning_Visitor,False,False
10777,5,111.6666667,1,123.5,42,1610.783197,0.009090909,0.017794258,4.646503212,0.0,Dec,3,2,3,2,Returning_Visitor,False,False
1216,0,0.0,0,0.0,3,73.0,0.0,0.066666667,0.0,0.0,Mar,2,4,1,7,Returning_Visitor,False,False
281,0,0.0,0,0.0,11,300.0714286,0.0,0.02,53.9892,0.0,Mar,2,2,1,11,Returning_Visitor,True,True
7472,7,148.6,3,99.6,8,144.9,0.0,0.021052632,27.14408757,0.0,Sep,2,2,1,2,Returning_Visitor,False,True
6308,1,32.2,0,0.0,32,396.4714286,0.021212121,0.050688705,0.0,0.0,Jul,1,1,2,3,Returning_Visitor,True,False
12289,0,0.0,0,0.0,3,88.5,0.0,0.033333333,0.0,0.0,Nov,3,2,1,3,Returning_Visitor,True,False
11475,0,0.0,0,0.0,12,429.0,0.0,0.016666667,0.0,0.0,Nov,1,1,3,8,Returning_Visitor,False,False
6981,2,337.6,0,0.0,2,8.0,0.0,0.04,0.0,0.0,Nov,2,2,1,2,New_Visitor,False,True
5811,0,0.0,0,0.0,8,55.3,0.0,0.025,0.0,0.0,Jul,1,1,3,3,Returning_Visitor,False,False
2579,3,189.0,1,32.0,26,1517.9,0.0,0.007142857,34.34857143,0.0,May,2,2,7,1,New_Visitor,False,True
2358,0,0.0,0,0.0,5,109.0,0.08,0.1,0.0,0.0,May,3,2,3,3,Returning_Visitor,True,False
10070,1,140.5,0,0.0,19,1475.166667,0.02037037,0.043333333,16.9796231,0.0,Nov,3,2,2,10,Returning_Visitor,False,False
6175,1,137.5,1,59.4,53,1844.65,0.022641509,0.049595687,0.0,0.0,June,4,2,1,3,Returning_Visitor,False,False
11116,7,170.5,3,161.5,114,3494.831225,0.003601695,0.018762198,0.0,0.0,Dec,2,10,1,2,Returning_Visitor,False,False
10410,0,0.0,0,0.0,9,1626.0,0.022222222,0.077777778,0.0,0.0,Nov,2,2,3,2,Returning_Visitor,False,False
2352,0,0.0,0,0.0,1,0.0,0.2,0.2,0.0,0.6,May,3,2,1,13,Returning_Visitor,False,False
10611,0,0.0,0,0.0,84,4894.851299,0.002682927,0.028446662,0.0,0.0,Nov,2,2,3,1,Returning_Visitor,True,True
9546,0,0.0,0,0.0,1,0.0,0.2,0.2,0.0,0.0,Nov,2,2,9,1,Returning_Visitor,False,False
4469,4,174.0,0,0.0,30,1307.666667,0.01875,0.0359375,0.0,0.0,May,2,2,4,2,Returning_Visitor,False,False
8156,0,0.0,0,0.0,4,69.0,0.0,0.05,0.0,0.0,Nov,3,2,1,3,Returning_Visitor,False,False
4200,0,0.0,0,0.0,21,248.8333333,0.01,0.0225,0.0,0.0,May,2,5,6,3,Returning_Visitor,False,False
12015,0,0.0,0,0.0,12,247.0,0.0,0.016666667,0.0,0.0,Dec,8,1,3,1,Returning_Visitor,True,False
2872,0,0.0,0,0.0,4,25.0,0.05,0.1,0.0,0.0,May,3,2,3,3,Returning_Visitor,False,False
11367,8,213.75,2,45.5,30,2054.841667,0.0,0.001041667,21.9646242,0.0,Dec,1,1,6,2,New_Visitor,False,True
6198,0,0.0,0,0.0,12,223.8,0.027777778,0.017777778,0.0,0.0,Jul,1,1,2,4,Returning_Visitor,True,False
7746,14,564.9,3,522.1666667,134,3410.697592,0.001495726,0.002839575,0.0,0.0,Nov,3,2,1,2,Returning_Visitor,False,False
6189,0,0.0,0,0.0,3,0.0,0.2,0.2,0.0,0.0,Nov,1,1,6,6,Returning_Visitor,False,False
2677,0,0.0,1,113.0,27,3178.583333,0.025,0.04047619,0.0,0.0,May,2,2,1,3,Returning_Visitor,False,False
8312,4,84.75,0,0.0,46,962.9011905,0.004444444,0.01212963,0.0,0.0,Dec,1,1,6,2,Returning_Visitor,False,False
3188,6,51.0,0,0.0,26,536.0,0.007407407,0.012345679,0.0,0.0,May,2,2,1,4,Returning_Visitor,False,False
7682,0,0.0,0,0.0,3,20.2,0.0,0.066666667,0.0,0.0,Jul,2,2,2,1,Returning_Visitor,False,False
9519,0,0.0,0,0.0,1,0.0,0.2,0.2,0.0,0.0,Dec,2,2,1,13,Returning_Visitor,False,False
5624,0,0.0,0,0.0,20,545.1,0.01,0.031666667,0.0,0.0,Jul,3,2,8,4,Returning_Visitor,False,False
1798,6,139.0,0,0.0,29,491.1,0.0,0.003333333,0.0,0.0,Mar,2,2,1,2,New_Visitor,True,False
7549,6,132.22,3,18.0,22,418.8444444,0.0,0.001020408,0.0,0.0,Oct,2,2,1,2,New_Visitor,True,False
1827,2,98.25,0,0.0,10,303.25,0.0,0.011111111,0.0,0.0,Mar,3,2,2,2,New_Visitor,True,False
10719,0,0.0,0,0.0,48,4293.833333,0.008333333,0.034166667,0.0,0.0,Nov,2,1,1,2,New_Visitor,True,False
3711,3,23.0,0,0.0,14,243.8333333,0.0,0.011764706,0.0,0.0,May,2,4,2,2,New_Visitor,False,False
12228,0,0.0,0,0.0,14,999.0,0.0,0.023076923,8.482951523,0.0,Dec,2,2,3,6,Returning_Visitor,False,True
6656,3,94.6,0,0.0,1,4.0,0.0,0.05,0.0,0.0,Jul,2,2,1,2,New_Visitor,False,False
949,5,29.0,0,0.0,4,12.0,0.0,0.033333333,0.0,0.0,Mar,4,1,1,8,New_Visitor,True,False
9947,0,0.0,0,0.0,39,1020.013889,0.005405405,0.014226044,0.0,0.0,Dec,3,2,7,1,Returning_Visitor,True,False
3559,0,0.0,0,0.0,2,44.0,0.0,0.1,0.0,0.0,May,2,2,3,6,Returning_Visitor,False,False
2969,10,236.4083333,3,118.0,313,7428.181584,0.002509267,0.013416263,6.976504629,1.0,May,2,2,3,2,Returning_Visitor,True,False
8195,0,0.0,0,0.0,1,0.0,0.2,0.2,0.0,0.0,Dec,2,2,8,1,Returning_Visitor,False,False
11301,9,164.5833333,1,0.0,76,3580.333333,0.004819277,0.020522088,12.20780052,0.0,Nov,4,1,1,1,Returning_Visitor,False,False
7547,3,149.0666667,0,0.0,19,285.6166667,0.019047619,0.019047619,0.0,0.0,Nov,3,2,1,2,Returning_Visitor,False,False
3273,0,0.0,0,0.0,11,297.25,0.0,0.022222222,0.0,0.0,May,2,2,3,1,Returning_Visitor,False,False
7658,2,318.2,0,0.0,6,117.0,0.05,0.05,0.0,0.0,Nov,2,2,1,1,Returning_Visitor,False,False
11372,0,0.0,0,0.0,2,63.5,0.0,0.1,0.0,0.0,Nov,2,4,1,1,Returning_Visitor,False,False
6967,2,58.6,0,0.0,42,906.2333333,0.0,0.006976744,0.0,0.0,Nov,2,2,4,20,New_Visitor,False,False
2031,13,241.7666667,0,0.0,12,255.3,0.002,0.036666667,0.0,0.0,Mar,2,2,8,2,Returning_Visitor,False,False
5222,4,183.0,3,48.0,34,2141.4,0.005405405,0.021621622,0.0,0.0,May,2,2,1,4,Returning_Visitor,True,False
7603,0,0.0,3,62.8,90,2167.900476,0.002898551,0.013297101,0.0,0.0,Aug,1,1,3,4,Returning_Visitor,False,False
4854,10,268.0,2,7.0,24,551.6666667,0.008333333,0.020833333,0.0,0.0,May,2,2,1,2,Returning_Visitor,False,False
1258,7,110.25,0,0.0,20,266.5833333,0.011111111,0.039753086,0.0,0.0,Mar,2,2,1,2,Returning_Visitor,False,False
10577,1,0.0,0,0.0,0,0.0,0.2,0.2,0.0,0.0,Nov,1,1,3,8,Returning_Visitor,False,False
3768,1,5.384615385,0,0.0,36,1195.726923,0.01372549,0.02254902,19.1127451,0.0,May,2,2,6,4,Returning_Visitor,True,False
5720,0,0.0,0,0.0,3,255.0,0.0,0.066666667,0.0,0.0,June,2,2,3,4,Returning_Visitor,False,False
3772,4,147.5,1,37.5,25,788.2666667,0.007142857,0.028571429,16.70657143,0.0,May,2,2,3,3,Returning_Visitor,False,True
9036,0,0.0,0,0.0,49,938.0416667,0.00375,0.010664683,0.0,0.0,Dec,1,1,7,2,Returning_Visitor,False,False
2723,0,0.0,0,0.0,2,15.0,0.0,0.1,0.0,0.0,May,2,6,7,3,Returning_Visitor,False,False
7676,2,303.2,0,0.0,13,181.0666667,0.0,0.016666667,0.0,0.0,Oct,1,1,3,2,Returning_Visitor,True,False
3912,14,375.2785714,0,0.0,156,5432.836783,0.010009921,0.029074729,2.992267778,1.0,May,2,2,6,1,Returning_Visitor,True,False
4502,4,64.5,0,0.0,28,852.3333333,0.013793103,0.02454844,0.0,0.0,May,2,2,1,7,Returning_Visitor,True,False
11825,8,122.0416667,0,0.0,14,338.7916667,0.0,0.025,0.0,0.0,Dec,2,2,7,3,Returning_Visitor,False,False
4400,1,101.0,0,0.0,46,1687.85,0.0,0.011111111,18.844,0.0,May,2,2,3,4,Returning_Visitor,False,False
8717,0,0.0,0,0.0,11,667.9166667,0.0,0.009090909,0.0,0.0,Dec,2,5,1,2,Returning_Visitor,False,True
2619,0,0.0,0,0.0,1,0.0,0.2,0.2,0.0,0.0,May,2,2,7,4,Returning_Visitor,False,False
6652,0,0.0,0,0.0,15,598.6,0.0,0.033333333,0.0,0.0,Jul,2,2,1,2,Returning_Visitor,False,False
7304,2,13.1,0,0.0,62,5556.932698,0.0,0.020625,4.964521194,0.0,Sep,2,2,3,2,Returning_Visitor,True,False
